a_form,actual_score,actual_total,away_team,ch_g0_cnt,ch_g0_pct,ch_g1_cnt,ch_g1_pct,ch_g2_cnt,ch_g2_pct,ch_g3_cnt,ch_g3_pct,ch_g4_cnt,ch_g4_pct,ch_g5_cnt,ch_g5_pct,ch_g6_cnt,ch_g6_pct,ch_g7_cnt,ch_g7_pct,ch_had_平_cnt,ch_had_平_pct,ch_had_胜_cnt,ch_had_胜_pct,ch_had_负_cnt,ch_had_负_pct,ch_pp_cnt,ch_pp_pct,form_avg,form_sum,g0,g1,g2,g3,g4,g5,g6,g7,h_form,had_d,had_l,had_max,had_min,had_range,had_w,hhad_ball,hhad_d,hhad_is_guest_give,hhad_is_home_give,hhad_l,hhad_w,home_team,match_date,match_id,match_num,score_0_0,score_0_1,score_0_2,score_0_3,score_1_0,score_1_1,score_1_2,score_1_3,score_2_0,score_2_1,score_2_2,score_2_3,score_3_0,score_3_1,score_3_2,score_3_3,top1_score,top2_score,top3_score,v36_a_att,v36_a_def,v36_combined_avg,v36_conf,v36_dir,v36_double,v36_excl_0,v36_excl_1,v36_excl_2,v36_excl_3,v36_excl_4,v36_excl_5,v36_excl_6,v36_excl_7,v36_goals,v36_h_att,v36_h_def,v36_heat,v36_reason,v36_single,league,match_type,tier,region,league_group,league_subgroup
2.8,0:0,0,瓦萨,2,-11.1,2,-7.7,2,-5.0,3,8.7,2,8.9,1,2.1,1,-8.3,1,-6.1,0,0,0,0,0,0,1,3.9,2.7,5.4,16.0,6.0,3.8,3.75,4.9,7.35,11.0,15.5,2.6,4.85,7.05,7.05,1.28,5.77,1.28,0,3.5,0,0,3.02,1.95,国际图尔库,,2038811,,16.0,20.0,40.0,100.0,7.5,8.3,22.0,75.0,7.25,7.0,15.5,45.0,9.5,9.0,19.0,55.0,,,,1.8,1.0,2.7,强,大球,"0,1",,,,,,,,,"3,4,5",1.6,1.0,0,"['首选0球(变0%,n=2)', '⚠️方向冲突: Step0=大球但推荐0球(反方向)→谨慎', '双选0球+1球']",0,芬兰超级联赛,联赛,其他联赛,欧洲,北欧联赛,芬兰超级联赛
3.4,3:0,3,米亚尔比,1,8.3,3,12.8,3,7.4,2,-1.4,2,-9.1,2,-5.3,3,-16.7,3,-20.0,0,0,0,0,0,0,0,0,3.7,7.4,13.0,5.3,3.65,3.5,5.0,9.0,15.0,20.0,4.0,3.35,3.45,3.45,1.85,1.6,1.85,0,3.55,0,0,1.73,3.72,哈马比,,2038816,,13.0,11.0,20.0,50.0,7.5,6.25,9.5,28.0,9.0,7.0,12.5,30.0,17.0,13.5,23.0,45.0,,,,2.8,0.6,3.7,强(防守强化),大球,"0,1",,,,,,,,,"3,4,6",3.0,1.0,0,"['首选0球(变0%,n=1)', '⚠️方向冲突: Step0=大球但推荐0球(反方向)→谨慎', '双选0球+1球']",0,瑞典超级联赛,联赛,其他联赛,欧洲,北欧联赛,瑞典超级联赛
2.8,1:1,2,马尔默,0,0,1,3.6,2,5.5,2,1.4,1,-3.1,1,-3.0,1,-7.4,1,-14.3,0,0,0,0,0,0,2,8.8,2.7,5.4,15.0,5.75,3.85,3.55,4.75,8.0,12.5,18.0,2.6,4.15,1.42,5.45,1.42,4.03,5.45,1.0,3.28,0,1,2.45,2.4,厄尔格里特,,2038851,,15.0,7.5,8.0,10.5,15.0,7.2,6.75,10.5,30.0,14.0,13.0,20.0,80.0,50.0,40.0,60.0,,,,1.6,1.2,2.7,强,大球,"0,2",,,,,,,,,"3,4,5",1.2,1.4,0,"['首选0球(变0%,n=0)', '⚠️方向冲突: Step0=大球但推荐0球(反方向)→谨慎', '双选0球+2球']",0,瑞典超级联赛,联赛,其他联赛,欧洲,北欧联赛,瑞典超级联赛
3.8,2:0,2,IFK哥德堡,2,-21.4,2,-13.2,3,-5.6,2,2.9,2,10.9,2,17.6,3,20.0,3,21.7,0,0,0,0,0,0,0,0,3.4,6.8,11.0,4.6,3.35,3.6,5.6,10.0,18.0,28.0,3.0,3.35,2.73,3.35,2.15,1.2000000000000002,2.15,0,3.9,0,0,1.53,4.55,埃尔夫斯堡,,2038866,,11.0,10.0,14.5,35.0,8.0,6.3,9.0,22.0,11.5,7.5,12.0,23.0,23.0,16.0,20.0,50.0,,,,2.8,1.0,3.4,弱,大球,"0,1",,,,,,,,,"0,1,2",2.2,0.8,0,"['首选0球(变0%,n=2)', '⚠️方向冲突: Step0=大球但推荐0球(反方向)→谨慎', '双选0球+1球']",0,瑞典超级联赛,联赛,其他联赛,欧洲,北欧联赛,瑞典超级联赛
3.4,0:1,1,维京,0,0,4,14.1,2,9.5,3,11.8,2,-4.5,2,-7.4,4,-21.7,4,-23.3,0,0,0,0,0,0,1,3.7,3.4,6.8,22.0,7.7,4.6,3.8,4.2,6.25,9.0,11.5,3.4,3.6,2.05,3.6,2.05,1.5500000000000003,2.75,1.0,4.1,0,1,4.05,1.57,瓦勒伦加,,2038867,,22.0,11.5,13.0,22.0,13.5,7.5,7.8,13.0,18.0,9.0,10.0,15.0,35.0,18.0,20.0,32.0,,,,2.4,1.0,3.4,中,大球,"1,2",,,,,,,,,"3,4,6",2.2,1.2,0,"['首选1球(变0%,n=4)', '⚠️方向冲突: Step0=大球但推荐1球(反方向)→谨慎', '双选1球+2球']",1,挪威超级联赛,联赛,其他联赛,欧洲,北欧联赛,挪威超级联赛
4.2,2:3,5,腓特烈斯塔,1,7.7,1,3.8,1,2.8,1,-1.5,2,-5.9,2,0,2,0,2,-8.0,0,0,0,0,0,0,0,0,3.7,7.4,14.0,5.4,3.7,3.35,4.8,8.75,16.0,23.0,3.2,3.25,2.47,3.25,2.4,0.8500000000000001,2.4,0,4.3,0,0,1.42,5.25,奥勒松,,2038914,,14.0,9.5,13.5,30.0,8.5,6.5,9.0,19.0,11.5,8.0,11.0,24.0,21.0,16.0,21.0,50.0,,,,2.2,2.0,3.7,弱,模糊,"0,1",,,,,,,,,"0,1,2",1.6,1.6,0,"['首选0球(变0%,n=1)', '双选0球+1球']",0,挪威超级联赛,联赛,其他联赛,欧洲,北欧联赛,挪威超级联赛
3.4,1:0,1,赫尔辛基火花,0,0,1,3.9,1,2.2,3,12.7,2,7.1,3,-9.8,3,-15.0,3,-20.8,0,0,0,0,0,0,1,5.6,2.9,5.8,26.0,8.0,4.7,4.0,4.5,5.5,8.5,9.5,2.4,5.15,6.75,6.75,1.27,5.48,1.27,0,3.65,0,0,3.04,1.9,库奥皮奥,,2039008,,26.0,23.0,45.0,90.0,9.5,10.0,17.0,40.0,8.5,6.75,14.0,37.0,10.0,9.25,15.5,40.0,,,,1.6,1.8,2.9,强,大球,"1,2",,,,,,,,,"3,4,5",1.2,1.2,0,"['首选1球(变0%,n=1)', '⚠️方向冲突: Step0=大球但推荐1球(反方向)→谨慎', '双选1球+2球']",1,芬兰超级联赛,联赛,其他联赛,欧洲,北欧联赛,芬兰超级联赛
4.2,0:2,2,赫根,0,0,2,6.6,1,4.2,2,1.4,1,-3.0,1,-5.9,1,-10.0,1,-13.6,0,0,0,0,0,0,0,0,3.6,7.2,14.0,5.65,3.75,3.55,4.85,8.0,13.5,19.0,3.0,3.23,2.23,3.23,2.23,1.0,2.7,0,4.5,0,0,1.35,6.0,IFK哥德堡,,2039014,,14.0,9.5,12.5,25.0,10.5,6.2,7.5,17.0,13.5,8.0,11.0,20.0,26.0,18.0,22.0,45.0,,,,2.4,1.8,3.6,弱,模糊,"0,1",,,,,,,,,"0,1,2",1.6,1.4,0,"['首选0球(变0%,n=0)', '双选0球+1球']",0,瑞典超级联赛,联赛,其他联赛,欧洲,北欧联赛,瑞典超级联赛
3.2,3:2,5,卡尔马,0,0,0,0,0,0,0,0,0,0,0,0,0,0,0,0,0,0,0,0,0,0,0,0,2.9000000000000004,5.800000000000001,12.0,4.8,3.45,3.55,5.35,9.0,18.0,27.0,2.6,3.7,5.0,5.0,1.52,3.48,1.52,0,3.3,0,0,2.15,2.77,佐加顿斯,,2039041,,12.0,13.0,30.0,90.0,6.2,7.0,14.0,50.0,6.8,6.7,16.0,50.0,10.5,11.0,24.0,90.0,,,,2.0,1.2,2.9,修正(否决),大球,"0,1",,,,,,,,,"3,4,5",1.8,0.8,0,"['首选0球(变0%,n=0)', '⚠️方向冲突: Step0=大球但推荐0球(反方向)→谨慎', '双选0球+1球']",0,瑞典超级联赛,联赛,其他联赛,欧洲,北欧联赛,瑞典超级联赛
2.8,3:1,4,哥德堡盖斯,1,8.3,2,8.3,2,5.9,0,0,1,-3.7,2,-5.3,2,-17.6,2,-25.9,0,0,0,0,0,0,3,12.1,2.5999999999999996,5.199999999999999,13.0,5.2,3.6,3.55,5.2,9.0,14.0,20.0,2.4,3.75,4.5,4.5,1.56,2.94,1.56,0,3.25,0,0,2.1,2.9,马尔默,,2039049,,13.0,12.5,23.0,55.0,7.25,6.25,12.0,35.0,8.0,6.75,13.0,35.0,14.0,12.5,22.0,55.0,,,,1.4,1.4,2.6,弱,大球,"0,2",,,,,,,,,"0,2,3",1.0,1.4,0,"['首选0球(变0%,n=1)', '⚠️方向冲突: Step0=大球但推荐0球(反方向)→谨慎', '双选0球+2球']",0,瑞典超级联赛,联赛,其他联赛,欧洲,北欧联赛,瑞典超级联赛
3.4,4:1,5,汉坎,0,0,2,12.9,2,3.7,1,-2.9,2,-8.7,1,1.4,0,0,0,0,0,0,0,0,0,0,1,7.1,3.3,6.6,19.0,7.0,4.25,3.35,4.2,7.1,12.0,16.0,3.2,4.6,6.25,6.25,1.33,4.92,1.33,0,3.6,0,0,2.75,2.05,莫尔德,,2039051,,19.0,18.0,40.0,100.0,8.0,8.0,16.0,50.0,7.5,6.5,14.0,45.0,10.0,9.5,18.0,55.0,,,,1.8,1.6,3.3,强,大球,"1,2",,,,,,,,,"3,4,5",1.6,1.6,0,"['首选1球(变0%,n=2)', '⚠️方向冲突: Step0=大球但推荐1球(反方向)→谨慎', '双选1球+2球']",1,挪威超级联赛,联赛,其他联赛,欧洲,北欧联赛,挪威超级联赛
3.2,2:0,2,哈马比,1,6.7,2,5.2,2,6.7,3,-8.6,3,-7.3,1,2.5,1,7.7,1,10.5,0,0,0,0,0,0,0,0,2.7,5.4,16.0,6.1,4.0,3.2,4.45,8.2,14.0,21.0,2.2,3.4,2.0,3.4,2.0,1.4,3.0,1.0,3.85,0,1,4.02,1.61,天狼星,,2039062,,16.0,9.25,11.0,19.0,11.0,7.25,6.75,13.5,16.0,9.5,11.0,19.0,35.0,22.0,24.0,43.0,,,,2.2,1.0,2.7,中,大球,"0,2",,,,,,,,,"3,4,5",1.4,0.8,0,"['首选0球(变0%,n=1)', '⚠️方向冲突: Step0=大球但推荐0球(反方向)→谨慎', '双选0球+2球']",0,瑞典超级联赛,联赛,其他联赛,欧洲,北欧联赛,瑞典超级联赛
3.8,2:2,4,AIK索尔纳,1,3.7,3,-2.9,0,0,2,-2.9,1,-2.0,1,2.9,2,18.8,1,8.7,0,0,0,0,0,0,1,1.8,3.5,7.0,14.0,5.05,3.55,3.4,4.9,9.0,19.0,25.0,3.2,3.6,1.67,3.95,1.67,2.2800000000000002,3.95,1.0,3.25,0,1,3.3,1.93,布鲁马波卡纳,,2039063,,14.0,7.25,8.75,15.0,13.0,6.8,7.0,11.0,22.0,11.0,12.0,20.0,55.0,30.0,32.0,55.0,,,,2.8,1.0,3.5,强(防守一致),大球,"0,2",,,,,,,,,"3,4,5",1.2,2.0,0,"['首选0球(变0%,n=1)', '⚠️方向冲突: Step0=大球但推荐0球(反方向)→谨慎', '双选0球+2球']",0,瑞典超级联赛,联赛,其他联赛,欧洲,北欧联赛,瑞典超级联赛
2.6,0:1,1,马尔默,0,0,4,0,2,2.9,2,2.9,3,1.0,4,-2.7,3,-11.1,3,-18.5,0,0,0,0,0,0,1,-3.6,2.9000000000000004,5.800000000000001,13.0,4.9,3.6,3.5,5.25,9.0,16.0,22.0,3.2,3.25,2.62,3.25,2.27,0.98,2.27,0,3.95,0,0,1.48,5.0,佐加顿斯,,2039138,,13.0,8.5,12.0,27.0,8.25,6.25,8.0,19.0,11.5,7.5,12.0,25.0,25.0,18.0,24.0,60.0,,,,1.2,1.4,2.9,弱,大球,"0,1",,,,,,,,,"0,1,2",2.0,1.2,0,"['首选0球(变0%,n=0)', '⚠️方向冲突: Step0=大球但推荐0球(反方向)→谨慎', '双选0球+1球']",0,瑞典超级联赛,联赛,其他联赛,欧洲,北欧联赛,瑞典超级联赛
3.2,3:0,3,奥勒松,1,16.7,4,23.1,3,11.1,3,11.8,2,-9.5,2,5.3,5,-3.8,3,-16.7,0,0,0,0,0,0,1,9.4,3.3,6.6,70.0,16.0,7.5,4.75,3.8,5.0,6.25,4.75,3.4,99.0,99.0,99.0,99.0,0.0,99.0,0,4.55,0,0,3.33,1.64,博德闪耀,,2039160,,70.0,80.0,150.0,400.0,17.0,22.0,50.0,100.0,9.0,11.0,23.0,80.0,7.5,8.5,22.0,70.0,,,,1.6,1.6,3.3,中,大球,"1,2",,,,,,,,,"3,4,7",1.6,1.8,0,"['首选1球(变0%,n=4)', '⚠️方向冲突: Step0=大球但推荐1球(反方向)→谨慎', '双选1球+2球']",1,挪威超级联赛,联赛,其他联赛,欧洲,北欧联赛,挪威超级联赛
3.2,4:1,5,韦斯特罗斯,1,8.0,1,6.0,1,1.4,1,1.4,1,-2.9,1,-5.3,1,-11.8,1,-16.0,0,0,0,0,0,0,0,0,2.6,5.2,13.5,5.3,3.5,3.55,5.05,9.0,15.0,21.0,2.0,3.9,5.6,5.6,1.44,4.16,1.44,0,3.35,0,0,2.35,2.47,天狼星,,2039162,,13.5,16.0,35.0,90.0,6.7,7.5,15.0,50.0,6.8,6.5,15.0,50.0,10.5,10.5,23.0,70.0,,,,2.2,1.0,2.6,中(防守矛盾⚠️),大球,"0,1",,,,,,,,,"3,4,5",1.4,0.6,0,"['首选0球(变0%,n=1)', '⚠️方向冲突: Step0=大球但推荐0球(反方向)→谨慎', '双选0球+1球']",0,瑞典超级联赛,联赛,其他联赛,欧洲,北欧联赛,瑞典超级联赛
1.6,1:1,2,库奥皮奥,2,0,2,4.5,2,0,1,2.9,2,-1.1,2,-2.5,1,-6.7,1,-13.6,0,0,0,0,0,0,0,0,2.0,4.0,15.0,5.75,3.8,3.5,4.7,7.8,14.0,19.0,2.4,4.15,1.44,5.15,1.44,3.7100000000000004,5.15,1.0,3.45,0,1,2.42,2.35,雅罗,,2039163,,15.0,7.5,6.75,10.5,14.0,8.75,7.0,10.0,31.0,16.0,15.0,20.0,100.0,46.0,42.0,55.0,,,,1.4,0.2,2.0,强(防守一致),大球,"0,2",,,,,,,,,"3,4,5",1.0,1.4,0,"['首选0球(变0%,n=2)', '⚠️方向冲突: Step0=大球但推荐0球(反方向)→谨慎', '双选0球+2球']",0,芬兰超级联赛,联赛,其他联赛,欧洲,北欧联赛,芬兰超级联赛
3.4,1:0,1,卡尔马,0,0,1,4.2,0,0,1,1.4,2,-7.4,0,0,1,2.9,0,0,0,0,0,0,0,0,1,-0.9,3.7,7.4,13.0,5.0,3.4,3.55,5.0,9.5,17.5,26.0,4.0,3.74,4.9,4.9,1.52,3.3800000000000003,1.52,0,3.25,0,0,2.15,2.81,AIK索尔纳,,2039187,,13.0,13.0,27.0,90.0,6.5,7.0,13.0,50.0,7.0,6.5,15.0,50.0,10.5,11.0,23.0,80.0,,,,2.0,1.4,3.7,弱,大球,"0,1",,,,,,,,,"0,1,2",2.6,1.4,0,"['首选0球(变0%,n=0)', '⚠️方向冲突: Step0=大球但推荐0球(反方向)→谨慎', '双选0球+1球']",0,瑞典超级联赛,联赛,其他联赛,欧洲,北欧联赛,瑞典超级联赛
2.0,0:1,1,利勒斯特罗姆,1,-9.1,1,-7.1,1,-2.4,1,1.4,1,4.5,1,1.5,1,4.3,0,0,0,0,0,0,0,0,0,0,2.2,4.4,20.0,6.5,4.1,3.5,4.6,6.7,12.0,14.0,2.4,3.45,2.45,3.45,2.32,1.1300000000000003,2.32,0,4.25,0,0,1.46,4.8,瓦勒伦加,,2039188,,20.0,12.5,15.0,32.0,11.5,8.0,8.5,17.0,13.0,7.5,10.0,20.0,21.0,14.0,18.0,30.0,,,,0.8,1.2,2.2,近小球+0球过高→大球,大球,"1,2",,,,,,,,,"3,4,5",1.4,1.0,0,"['首选1球(变0%,n=1)', '⚠️方向冲突: Step0=大球但推荐1球(反方向)→谨慎', '双选1球+2球']",1,挪威超级联赛,联赛,其他联赛,欧洲,北欧联赛,挪威超级联赛
2.6,2:1,3,哥德堡盖斯,0,0,1,5.7,1,2.8,1,-2.9,1,-5.0,0,0,0,0,0,0,0,0,0,0,0,0,0,0,3.1,6.2,14.0,5.6,3.7,3.4,4.75,8.5,15.0,22.0,3.6,3.4,3.21,3.4,1.91,1.49,1.91,0,3.8,0,0,1.67,3.75,赫根,,2039194,,14.0,11.0,17.0,35.0,8.25,6.5,8.75,23.0,10.5,7.0,11.5,26.0,19.0,14.0,21.0,50.0,,,,1.0,1.6,3.1,弱(高球不动降权),大球,"0,2",,,,,,,,,"0,2,3",2.0,1.6,0,"['首选0球(变0%,n=0)', '⚠️方向冲突: Step0=大球但推荐0球(反方向)→谨慎', '双选0球+2球']",0,瑞典超级联赛,联赛,其他联赛,欧洲,北欧联赛,瑞典超级联赛
1.6,0:1,1,特罗姆瑟,0,0,0,0,0,0,0,0,0,0,0,0,0,0,0,0,0,0,0,0,0,0,1,1.8,2.0,4.0,14.0,5.25,3.6,3.4,5.0,8.75,16.0,23.0,2.4,3.55,1.87,3.55,1.87,1.6799999999999997,3.2,1.0,3.6,0,1,3.8,1.7,萨尔普斯堡,,2039195,,14.0,8.5,10.5,20.0,10.5,6.5,7.0,14.0,17.0,9.0,12.0,19.0,40.0,21.0,26.0,50.0,,,,1.4,0.2,2.0,弱(高球不动降权),大球,"0,2",,,,,,,,,"0,2,3",1.2,1.2,0,"['首选0球(变0%,n=0)', '⚠️方向冲突: Step0=大球但推荐0球(反方向)→谨慎', '双选0球+2球']",0,挪威超级联赛,联赛,其他联赛,欧洲,北欧联赛,挪威超级联赛
3.2,3:2,5,AC奥卢,1,-6.7,1,-5.1,2,0,2,5.9,1,2.1,2,0,2,-3.7,2,-5.0,0,0,0,0,0,0,2,-8.0,2.4000000000000004,4.800000000000001,14.0,5.6,3.75,3.6,4.9,8.0,13.0,19.0,1.6,3.55,3.3,3.55,1.84,1.7099999999999997,1.84,0,3.65,0,0,1.73,3.6,库奥皮奥,,2039252,,14.0,13.0,22.0,50.0,8.5,6.75,12.0,30.0,9.5,7.0,12.0,30.0,15.5,11.0,19.0,40.0,,,,2.2,1.0,2.4,0球区间铁律,大球,"0,1",,,,,,,,,"3,4,5",1.2,0.4,0,"['首选0球(变0%,n=1)', '⚠️方向冲突: Step0=大球但推荐0球(反方向)→谨慎', '双选0球+1球']",0,芬兰超级联赛,联赛,其他联赛,欧洲,北欧联赛,芬兰超级联赛
3.2,2:1,3,佐加顿斯,0,0,2,9.3,2,7.7,1,-2.9,2,-5.2,1,-13.0,1,-13.6,1,-11.4,0,0,0,0,0,0,0,0,3.0,6.0,10.5,4.7,3.5,3.4,5.5,10.0,19.0,31.0,2.8,3.15,2.25,3.15,2.25,0.8999999999999999,2.72,1.0,3.8,0,1,5.0,1.5,埃尔夫斯堡,,2039255,,10.5,7.0,11.0,24.0,8.5,6.3,7.5,18.0,13.0,8.5,12.0,28.0,32.0,22.0,31.0,50.0,,,,2.0,1.2,3.0,修正(否决),大球,"0,1",,,,,,,,,"3,4,5",2.0,0.8,0,"['首选0球(变0%,n=0)', '⚠️方向冲突: Step0=大球但推荐0球(反方向)→谨慎', '双选0球+1球']",0,瑞典超级联赛,联赛,其他联赛,欧洲,北欧联赛,瑞典超级联赛
3.0,2:3,5,天狼星,0,0,2,3.7,2,6.8,2,-5.9,2,-5.1,2,3.5,1,3.3,0,0,0,0,0,0,0,0,2,-1.8,2.5,5.0,14.0,5.6,3.95,3.2,4.65,8.8,15.5,22.0,2.0,3.3,2.59,3.3,2.27,1.0299999999999998,2.27,0,4.1,0,0,1.47,4.9,马尔默,,2039269,,14.0,10.0,16.0,28.0,9.5,7.0,9.0,20.0,13.0,8.25,11.0,24.0,20.0,15.0,22.0,36.0,,,,2.2,0.8,2.5,弱,大球,"0,1",,,,,,,,,"0,1,2",1.4,0.6,0,"['首选0球(变0%,n=0)', '⚠️方向冲突: Step0=大球但推荐0球(反方向)→谨慎', '双选0球+1球']",0,瑞典超级联赛,联赛,其他联赛,欧洲,北欧联赛,瑞典超级联赛
2.8,1:1,2,赫尔辛基火花,1,7.1,3,11.3,3,-2.7,2,-5.8,0,0,0,0,2,6.7,2,-4.5,0,0,0,0,0,0,0,0,2.5,5.0,15.0,5.9,3.55,3.25,5.1,8.2,16.0,21.0,2.2,3.3,2.75,3.3,2.16,1.1399999999999997,2.16,0,4.0,0,0,1.53,4.45,TPS图尔库,,2039290,,15.0,10.0,13.0,28.0,8.5,6.3,8.5,21.0,12.0,7.7,12.0,23.0,22.0,18.0,22.0,45.0,,,,1.4,1.4,2.5,中(防守矛盾⚠️),大球,"0,1",,,,,,,,,"3,4,5",1.6,0.6,0,"['首选0球(变0%,n=1)', '⚠️方向冲突: Step0=大球但推荐0球(反方向)→谨慎', '双选0球+1球']",0,芬兰超级联赛,联赛,其他联赛,欧洲,北欧联赛,芬兰超级联赛
4.4,1:1,2,哈马比,0,0,2,5.8,2,4.3,1,2.9,0,0,1,-2.9,2,-18.8,2,-21.7,5,4.5,6,18.9,6,-13.9,3,10.1,3.8000000000000003,7.6000000000000005,14.0,5.5,3.65,3.6,5.1,8.25,13.0,18.0,3.2,3.45,1.92,3.45,1.92,1.5300000000000002,3.15,1.0,3.7,0,1,3.85,1.67,佐加顿斯,2026-04-26,2039344,,14.0,8.75,10.5,20.0,10.0,6.2,7.25,14.0,16.0,9.0,11.5,20.0,35.0,23.0,25.0,50.0,,,,3.02,1.28,3.8,强,大球,"0,2",,,,,,,,,"3,4,5",1.51,1.46,0,"['首选0球(变0%,n=0)', '⚠️方向冲突: Step0=大球但推荐0球(反方向)→谨慎', '双选0球+2球']",0,瑞典超级联赛,联赛,其他联赛,欧洲,北欧联赛,瑞典超级联赛
2.6,5:1,6,瓦勒伦加,0,0,1,3.1,1,2.4,1,4.3,1,-2.2,1,-5.8,1,-4.3,1,-6.7,5,-1.3,5,4.6,5,-7.2,0,0,2.8,5.6,20.0,6.7,4.2,3.65,4.4,6.5,11.0,14.0,3.0,3.75,3.2,3.75,1.82,1.93,1.82,0,3.92,0,0,1.74,3.34,莫尔德,,2039345,,20.0,14.0,22.0,40.0,10.5,7.5,10.5,22.0,11.0,7.25,11.0,23.0,16.0,11.5,16.0,35.0,,,,1.2,1.4,2.8,强,大球,"1,2",,,,,,,,,"3,4,5",1.6,1.4,0,"['首选1球(变0%,n=1)', '⚠️方向冲突: Step0=大球但推荐1球(反方向)→谨慎', '双选1球+2球']",1,挪威超级联赛,联赛,其他联赛,欧洲,北欧联赛,挪威超级联赛
2.0,2:2,4,哥德堡盖斯,0,0,2,4.5,1,3.0,0,0,1,-1.8,1,-4.8,2,-10.0,2,-13.8,0,0,0,0,0,0,0,0,2.4,4.8,11.0,4.6,3.4,3.6,5.6,10.0,18.0,25.0,2.8,3.05,2.49,3.05,2.49,0.5599999999999996,2.5,1.0,4.2,0,1,5.65,1.4,IFK哥德堡,,2039351,,11.0,7.8,12.0,24.0,8.5,6.0,7.5,18.0,13.0,8.5,11.5,27.0,28.0,20.0,28.0,55.0,,,,0.8,1.2,2.4,强(防守强化),大球,"0,1",,,,,,,,,"3,4,5",1.0,1.8,0,"['首选0球(变0%,n=0)', '⚠️方向冲突: Step0=大球但推荐0球(反方向)→谨慎', '双选0球+1球']",0,瑞典超级联赛,联赛,其他联赛,欧洲,北欧联赛,瑞典超级联赛
3.0,0:2,2,博德闪耀,1,7.4,2,6.2,2,3.2,1,4.2,1,-3.5,1,-2.5,1,-5.3,1,-9.1,0,0,0,0,0,0,0,0,2.3,4.6,29.0,8.5,4.85,3.7,4.15,5.75,9.0,10.0,1.6,4.1,1.7,4.1,1.7,2.3999999999999995,3.36,1.0,3.9,0,1,2.96,1.87,利勒斯特罗姆,,2039360,,29.0,13.0,12.0,18.0,17.0,8.0,7.5,11.5,24.0,10.0,10.0,14.0,45.0,22.0,23.0,28.0,,,,1.6,1.4,2.3,近小球+0球过高→大球,大球,"1,2",,,,,,,,,"3,4,5",1.2,0.4,0,"['首选1球(变0%,n=2)', '⚠️方向冲突: Step0=大球但推荐1球(反方向)→谨慎', '双选1球+2球']",1,挪威超级联赛,联赛,其他联赛,欧洲,北欧联赛,挪威超级联赛
2.4,2:0,2,哈尔姆斯塔德,1,-6.7,1,-3.6,2,1.4,1,-2.9,2,-5.0,1,6.2,3,17.9,3,20.0,0,0,0,0,0,0,0,0,2.4,4.8,14.0,5.3,3.7,3.4,4.75,8.5,16.5,24.0,2.4,4.55,7.5,7.5,1.29,6.21,1.29,0,3.5,0,0,2.91,2.0,米亚尔比,2026-04-28,2039367,,14.0,17.0,50.0,175.0,6.5,8.0,17.0,75.0,6.0,7.0,19.0,60.0,8.5,10.0,24.0,100.0,,,,0.69,1.65,2.4,强,大球,"0,1",,,,,,,,,"3,4,6",0.96,1.08,0,"['首选0球(变0%,n=1)', '⚠️方向冲突: Step0=大球但推荐0球(反方向)→谨慎', '双选0球+1球']",0,瑞典超级联赛,联赛,其他联赛,欧洲,北欧联赛,瑞典超级联赛
3.2,2:2,4,天狼星,2,9.4,3,20.0,3,6.7,3,-2.9,3,-12.5,4,-6.4,4,-7.1,4,0,6,6.1,8,23.4,8,-18.8,4,16.4,3.5,7.0,17.5,6.6,4.0,3.4,4.2,7.3,13.0,20.0,3.8,3.63,1.94,3.63,1.94,1.69,2.95,0,5.0,0,0,1.29,6.5,赫根,2026-04-28,2039368,,17.5,9.5,12.0,23.0,13.0,6.3,7.5,14.0,18.0,8.75,11.0,16.5,30.0,17.0,22.0,40.0,,,,2.68,0.95,3.5,强(防守一致),大球,"0,1",,,,,,,,,"3,4,5",2.3,1.68,0,"['首选0球(变0%,n=2)', '⚠️方向冲突: Step0=大球但推荐0球(反方向)→谨慎', '双选0球+1球']",0,瑞典超级联赛,联赛,其他联赛,欧洲,北欧联赛,瑞典超级联赛
2.6,0:1,1,马尔默,1,-9.1,1,-6.7,0,0,1,1.4,2,7.1,1,4.8,1,5.3,1,10.0,4,-3.5,4,-1.3,3,4.9,4,-16.7,2.8,5.6,10.0,4.2,3.3,3.65,6.0,11.0,20.0,33.0,3.0,3.04,2.78,3.04,2.27,0.77,2.27,0,4.0,0,0,1.47,5.05,AIK索尔纳,2026-04-28,2039369,,10.0,8.75,13.5,35.0,7.5,6.0,8.75,23.0,11.0,7.5,12.0,31.0,23.0,18.0,24.0,55.0,,,,1.68,1.24,2.8,弱,大球,"0,1",,,,,,,,,"0,1,2",1.59,1.25,0,"['首选0球(变0%,n=1)', '⚠️方向冲突: Step0=大球但推荐0球(反方向)→谨慎', '双选0球+1球']",0,瑞典超级联赛,联赛,其他联赛,欧洲,北欧联赛,瑞典超级联赛
3.0,1:1,2,赫尔辛基,2,-4.2,4,6.5,3,-3.1,3,0,0,0,2,0,2,0,2,3.2,4,-7.0,6,-14.1,7,28.6,0,0,2.2,4.4,11.5,4.9,3.15,3.5,5.7,10.0,19.0,32.0,1.4,2.93,3.15,3.15,2.13,1.02,2.13,1.0,4.85,0,1,7.7,1.26,国际图尔库,2026-04-30,2039411,,11.5,10.0,13.5,32.0,8.5,6.25,8.25,22.0,10.5,7.5,12.0,30.0,23.0,18.0,22.0,45.0,,,,1.71,0.98,2.2,强(防守一致),小球,"0,1",,,,,,,,,"0,1,2",1.28,0.19,0,"['首选0球(变0%,n=2)', '双选0球+1球']",0,芬兰超级联赛,联赛,其他联赛,欧洲,北欧联赛,芬兰超级联赛
3.4,0:5,5,布兰,1,7.7,1,1.0,1,1.4,1,-1.5,1,-3.1,0,0,0,0,0,0,4,5.3,4,-7.0,4,9.4,0,0,2.6,5.2,14.0,5.25,3.75,3.35,4.75,9.0,16.0,23.0,1.8,3.58,3.72,3.72,1.72,2.0,1.72,0,3.53,0,0,1.85,3.27,特罗姆瑟,2026-04-30,2039412,,14.0,11.5,20.0,55.0,7.5,6.7,10.5,28.0,9.0,7.0,12.0,30.0,16.0,13.0,20.0,45.0,,,,1.76,1.38,2.6,弱(高球不动降权),大球,"0,2",,,,,,,,,"0,2,3",1.68,0.3,0,"['首选0球(变0%,n=1)', '⚠️方向冲突: Step0=大球但推荐0球(反方向)→谨慎', '双选0球+2球']",0,挪威超级联赛,联赛,其他联赛,欧洲,北欧联赛,挪威超级联赛
2.4,5:0,5,斯达,0,0,3,0,0,0,2,-4.7,3,-4.9,3,6.2,2,6.1,1,1.7,0,0,0,0,0,0,1,17.6,2.5999999999999996,5.199999999999999,50.0,13.0,6.5,4.1,3.9,5.15,7.0,6.0,2.8,99.0,99.0,99.0,99.0,0.0,99.0,0,4.6,0,0,1.99,2.44,博德闪耀,2026-05-01,2039418,,50.0,65.0,120.0,400.0,13.5,19.0,45.0,150.0,7.75,10.0,26.0,90.0,7.5,9.0,22.0,80.0,,,,0.88,1.68,2.6,强,大球,"1,2",,,,,,,,,"3,4,5",1.56,1.0,0,"['首选1球(变0%,n=3)', '⚠️方向冲突: Step0=大球但推荐1球(反方向)→谨慎', '双选1球+2球']",1,挪威超级联赛,联赛,其他联赛,欧洲,北欧联赛,挪威超级联赛
2.4,3:0,3,罗森博格,4,17.4,6,16.9,4,12.5,3,-2.9,6,-14.8,3,-2.3,2,0,2,0,2,7.1,2,-3.1,2,8.6,2,15.2,2.9,5.8,27.0,8.3,4.95,3.35,3.75,6.35,10.5,13.0,3.4,5.25,7.6,7.6,1.24,6.359999999999999,1.24,0,3.9,0,0,3.28,1.76,维京,2026-05-02,2039437,,27.0,28.0,60.0,150.0,9.0,10.5,21.0,60.0,7.8,7.25,15.0,50.0,9.0,8.5,17.0,50.0,,,,1.17,0.91,2.9,强,大球,"2,3",,,,,,,,,"3,5",2.78,0.77,0,"['首选2球(变0%,n=4)', '⚠️方向冲突: Step0=大球但推荐2球(反方向)→谨慎', '双选2球+3球']",2,挪威超级联赛,联赛,其他联赛,欧洲,北欧联赛,挪威超级联赛
3.8,1:1,2,赫根,2,-19.2,3,-7.0,3,-2.9,2,7.1,3,3.8,3,13.5,4,5.9,4,0,0,0,1,2.4,1,-1.5,0,0,3.0999999999999996,6.199999999999999,10.5,4.65,3.3,3.75,5.45,10.5,18.0,25.0,2.4,3.3,2.02,3.3,2.02,1.2799999999999998,3.02,1.0,3.7,0,1,4.35,1.59,代格福什,2026-05-02,2039455,,10.5,8.0,11.0,20.0,9.5,6.5,7.0,15.0,15.0,8.5,14.0,22.0,35.0,23.0,28.0,60.0,,,,2.24,1.74,3.1,强(防守强化),小球,"0,1",,,,,,,,,"0,1,2",1.23,1.09,0,"['首选0球(变0%,n=2)', '双选0球+1球']",0,瑞典超级联赛,联赛,其他联赛,欧洲,北欧联赛,瑞典超级联赛
2.8,2:0,2,库奥皮奥,0,0,0,0,0,0,0,0,0,0,0,0,0,0,0,0,1,-3.0,2,0,3,1.9,0,0,2.7,5.4,14.0,5.3,3.65,3.45,4.8,8.5,16.0,25.0,2.6,3.2,2.13,3.2,2.13,1.0700000000000003,2.88,1.0,3.75,0,1,4.5,1.56,AC奥卢,2026-05-03,2039466,,14.0,8.75,11.0,22.0,11.0,7.0,7.0,15.0,16.0,8.75,11.0,20.0,35.0,21.0,24.0,40.0,,,,1.72,1.09,2.7,弱(高球不动降权),大球,"0,2",,,,,,,,,"0,2,3",1.24,1.61,0,"['首选0球(变0%,n=0)', '⚠️方向冲突: Step0=大球但推荐0球(反方向)→谨慎', '双选0球+2球']",0,芬兰超级联赛,联赛,其他联赛,欧洲,北欧联赛,芬兰超级联赛
2.0,2:3,5,米亚尔比,2,-4.8,3,4.5,3,4.7,3,1.4,3,-1.7,3,-9.1,3,-10.0,3,-13.3,0,0,5,15.9,5,-17.0,0,0,2.3,4.6,10.0,4.6,3.35,3.7,5.75,10.0,18.0,26.0,2.6,3.15,2.53,3.15,2.4,0.75,2.4,0,4.25,0,0,1.42,5.3,马尔默,2026-05-03,2039484,,10.0,9.0,12.5,27.0,8.5,6.0,8.5,20.0,12.0,8.0,12.5,28.0,26.0,18.0,27.0,60.0,,,,1.17,0.67,2.3,中(防守矛盾⚠️),小球,"0,1",,,,,,,,,"0,1,2",1.54,0.99,0,"['首选0球(变0%,n=2)', '双选0球+1球']",0,瑞典超级联赛,联赛,其他联赛,欧洲,北欧联赛,瑞典超级联赛
4.2,1:1,2,汉坎,2,-12.5,2,-10.0,2,-7.5,1,-2.9,3,2.2,3,16.7,3,26.9,3,42.1,2,-4.9,3,4.5,3,-1.2,0,0,3.4000000000000004,6.800000000000001,14.0,5.4,3.7,3.3,4.7,8.75,16.5,27.0,2.6,3.28,2.54,3.28,2.32,0.96,2.32,0,4.17,0,0,1.45,5.0,克里斯蒂安松,2026-05-03,2039493,,14.0,10.0,15.0,29.0,9.75,6.5,9.0,18.5,13.0,7.5,11.0,23.0,22.0,16.0,20.0,40.0,,,,2.13,1.94,3.4,弱,小球,"0,2",,,,,,,,,"0,2,3",1.26,1.14,0,"['首选0球(变0%,n=2)', '双选0球+2球']",0,挪威超级联赛,联赛,其他联赛,欧洲,北欧联赛,挪威超级联赛
3.6,1:0,1,拉赫蒂,1,-5.9,2,0.9,1,-1.3,1,-1.5,2,-5.3,2,5.9,2,14.3,2,10.0,1,-1.1,1,1.5,1,-4.2,0,0,2.9000000000000004,5.800000000000001,16.0,5.65,3.85,3.35,4.45,8.05,16.0,22.0,2.2,4.35,5.75,5.75,1.38,4.37,1.38,0,3.35,0,0,2.58,2.26,赫尔辛基,2026-05-05,2039508,,16.0,17.0,31.0,90.0,7.25,8.75,16.0,50.0,7.25,6.25,15.0,45.0,10.0,10.0,20.0,65.0,,,,2.24,1.61,2.9,强,大球,"0,2",,,,,,,,,"3,4,5",1.47,0.69,0,"['首选0球(变0%,n=1)', '⚠️方向冲突: Step0=大球但推荐0球(反方向)→谨慎', '双选0球+2球']",0,芬兰超级联赛,联赛,其他联赛,欧洲,北欧联赛,芬兰超级联赛
2.4,6:0,6,IFK哥德堡,0,0,1,3.0,2,0,2,-4.3,2,-3.8,1,6.1,1,9.4,1,8.0,2,3.6,3,-5.0,3,12.4,1,-5.8,2.4,4.8,13.0,5.15,3.5,3.35,5.0,9.55,17.5,27.0,2.4,3.75,5.0,5.0,1.51,3.49,1.51,0,3.15,0,0,2.2,2.8,佐加顿斯,2026-05-05,2039510,,13.0,12.5,24.0,75.0,7.0,6.7,12.0,38.0,7.5,6.5,14.0,40.0,12.0,12.0,22.0,70.0,,,,1.02,1.57,2.4,0球区间铁律,大球,"0,2",,,,,,,,,"3,4,5",1.11,1.27,0,"['首选0球(变0%,n=0)', '⚠️方向冲突: Step0=大球但推荐0球(反方向)→谨慎', '双选0球+2球']",0,瑞典超级联赛,联赛,其他联赛,欧洲,北欧联赛,瑞典超级联赛
3.4,1:3,4,布鲁马波卡纳,0,0,2,5.6,2,-9.4,2,1.4,2,-8.6,2,13.6,2,30.0,3,46.7,4,-7.9,3,3.9,3,3.2,1,-3.1,2.9,5.8,10.5,4.75,2.9,3.65,5.3,12.5,26.0,44.0,2.4,2.9,2.27,2.91,2.27,0.6400000000000001,2.91,1.0,3.8,0,1,5.12,1.49,哈尔姆斯塔德,2026-05-05,2039511,,10.5,7.5,10.5,21.0,8.5,5.75,7.5,17.0,13.0,9.0,13.0,28.0,30.0,23.0,30.0,70.0,,,,1.32,1.95,2.9,修正(否决),大球,"0,2",,,,,,,,,"3,4,7",0.55,1.72,0,"['首选0球(变0%,n=0)', '⚠️方向冲突: Step0=大球但推荐0球(反方向)→谨慎', '双选0球+2球']",0,瑞典超级联赛,联赛,其他联赛,欧洲,北欧联赛,瑞典超级联赛
3.8,0:1,1,莫尔德,1,9.1,2,7.7,2,3.8,1,-1.3,2,-5.0,0,0,0,0,0,0,1,2.9,1,-1.6,1,5.7,0,0,3.3,6.6,36.0,10.5,5.5,3.75,3.8,5.5,8.3,8.5,2.8,5.71,7.4,7.4,1.22,6.180000000000001,1.22,0,4.3,0,0,3.35,1.67,博德闪耀,2026-05-05,2039512,,36.0,34.0,65.0,150.0,12.0,12.0,23.0,60.0,9.05,7.5,15.0,40.0,9.5,8.5,14.5,36.0,,,,2.61,1.37,3.3,弱(高球不动降权),大球,"1,2",,,,,,,,,"1,2,3",2.73,0.31,0,"['首选1球(变0%,n=2)', '⚠️方向冲突: Step0=大球但推荐1球(反方向)→谨慎', '双选1球+2球']",1,挪威超级联赛,联赛,其他联赛,欧洲,北欧联赛,挪威超级联赛
1.6,2:0,2,国际图尔库,1,7.7,3,12.2,2,-5.7,2,-4.3,1,-3.8,1,2.6,1,5.9,1,3.8,4,7.0,4,16.3,4,-8.0,2,0,2.2,4.4,14.0,5.5,3.3,3.3,5.0,9.75,18.0,27.0,2.8,3.8,1.5,5.0,1.5,3.5,5.0,1.0,3.4,0,1,2.64,2.19,赫尔辛基火花,2026-05-06,2039541,,14.0,7.0,8.25,13.0,13.0,7.0,7.0,12.5,25.0,13.0,13.5,22.0,50.0,35.0,35.0,55.0,,,,1.22,0.45,2.2,强(防守一致),大球,"0,1",,,,,,,,,"3,4,5",1.29,1.37,0,"['首选0球(变0%,n=1)', '⚠️方向冲突: Step0=大球但推荐0球(反方向)→谨慎', '双选0球+1球']",0,芬兰超级联赛,联赛,其他联赛,欧洲,北欧联赛,芬兰超级联赛
1.8,1:0,1,赫尔辛基,1,-11.8,4,-20.7,2,-2.6,2,7.2,1,2.1,4,6.7,5,23.1,3,22.2,6,-3.8,6,-1.1,6,2.0,0,0,2.2,4.4,15.0,4.6,3.8,3.7,4.9,8.0,16.0,22.0,2.6,3.8,1.56,4.45,1.56,2.89,4.45,1.0,3.5,0,1,2.72,2.1,TPS图尔库,2026-05-08,2039573,,15.0,7.25,8.0,12.0,12.5,7.5,6.8,11.0,24.0,13.0,13.5,20.0,65.0,39.0,38.0,55.0,,,,1.18,0.55,2.2,强(防守一致),大球,"0,2",,,,,,,,,"3,4,5",1.57,1.15,0,"['首选0球(变0%,n=1)', '⚠️方向冲突: Step0=大球但推荐0球(反方向)→谨慎', '双选0球+2球']",0,芬兰超级联赛,联赛,其他联赛,欧洲,北欧联赛,芬兰超级联赛
2.8,1:0,1,AC奥卢,4,-18.8,4,-6.9,4,-3.9,1,-2.9,4,6.2,5,10.4,5,15.4,4,21.1,1,1.5,2,9.1,2,-8.7,2,3.5,3.2,6.4,13.0,5.4,3.7,3.35,5.1,8.5,15.0,23.0,3.6,3.4,2.2,3.4,2.2,1.1999999999999997,2.63,0,4.55,0,0,1.36,5.75,坦佩雷山猫,2026-05-08,2039574,,13.0,9.5,12.0,26.0,10.0,6.5,7.8,18.0,13.0,8.0,11.5,23.0,27.0,19.0,24.0,42.0,,,,1.49,1.29,3.2,强(防守强化),大球,"0,1",,,,,,,,,"3,4,7",1.43,2.06,0,"['首选0球(变0%,n=4)', '⚠️方向冲突: Step0=大球但推荐0球(反方向)→谨慎', '双选0球+1球']",0,芬兰超级联赛,联赛,其他联赛,欧洲,北欧联赛,芬兰超级联赛
3.4,2:0,2,布鲁马波卡纳,0,0,2,5.6,0,0,2,-5.6,0,0,0,0,1,5.3,1,3.3,6,6.1,6,-7.7,6,12.3,3,-1.0,3.0,6.0,11.0,4.75,3.3,3.4,5.6,10.5,20.0,31.0,2.6,3.5,4.1,4.1,1.67,2.4299999999999997,1.67,0,3.24,0,0,1.91,3.36,埃尔夫斯堡,2026-05-09,2039577,,11.0,11.0,21.0,55.0,6.75,6.3,11.0,33.0,8.0,7.0,14.0,37.0,14.0,13.0,24.0,70.0,,,,1.75,1.66,3.0,中(防守矛盾⚠️),大球,"0,2",,,,,,,,,"3,4,5",1.31,1.21,0,"['首选0球(变0%,n=0)', '⚠️方向冲突: Step0=大球但推荐0球(反方向)→谨慎', '双选0球+2球']",0,瑞典超级联赛,联赛,其他联赛,欧洲,北欧联赛,瑞典超级联赛
3.0,1:0,1,瓦勒伦加,0,0,2,5.9,1,3.9,1,-3.0,2,-6.4,0,0,0,0,1,10.0,0,0,1,-2.9,1,2.4,2,-8.3,3.5,7.0,16.0,6.25,4.0,3.25,4.4,7.7,14.0,22.0,4.0,3.5,2.12,3.5,2.12,1.38,2.69,1.0,3.95,0,1,4.4,1.54,汉坎,2026-05-09,2039578,,16.0,9.0,11.5,20.0,11.0,7.0,7.0,14.0,16.0,9.0,11.0,20.0,35.0,20.0,23.0,45.0,,,,0.99,2.44,3.5,中(防守矛盾⚠️),大球,"0,2",,,,,,,,,"3,4,5",1.81,1.75,0,"['首选0球(变0%,n=0)', '⚠️方向冲突: Step0=大球但推荐0球(反方向)→谨慎', '双选0球+2球']",0,挪威超级联赛,联赛,其他联赛,欧洲,北欧联赛,挪威超级联赛
4.0,0:0,0,塞伊奈约基,1,-15.8,1,-3.2,0,0,0,0,0,0,1,4.2,1,8.3,1,6.2,3,-1.2,3,1.3,3,-3.3,0,0,3.2,6.4,16.0,6.1,4.0,3.45,4.6,7.5,13.0,17.0,2.4,4.05,4.45,4.45,1.52,2.93,1.52,0,3.45,0,0,2.16,2.66,库奥皮奥,2026-05-09,2039579,,16.0,16.0,27.0,65.0,8.2,7.5,13.0,34.0,8.5,7.0,13.0,31.0,12.0,11.0,19.0,40.0,,,,2.65,1.15,3.2,弱(盘口矛盾),大球,"0,1",,,,,,,,,"0,1,2",1.08,1.37,0,"['首选0球(变0%,n=1)', '⚠️方向冲突: Step0=大球但推荐0球(反方向)→谨慎', '双选0球+1球']",0,芬兰超级联赛,联赛,其他联赛,欧洲,北欧联赛,芬兰超级联赛
3.2,2:1,3,腓特烈斯塔,1,-11.8,1,-5.9,1,-2.5,1,1.4,1,3.3,1,6.7,1,3.8,1,5.6,0,0,0,0,0,0,1,-6.5,2.7,5.4,15.0,5.6,3.9,3.5,4.65,8.0,13.5,19.0,2.2,3.65,3.24,3.65,1.83,1.8199999999999998,1.83,0,3.7,0,0,1.75,3.48,萨尔普斯堡,2026-05-09,2039602,,15.0,12.5,20.0,45.0,8.5,6.75,9.75,25.0,10.5,7.0,11.0,28.0,17.0,12.5,18.0,45.0,,,,1.05,2.15,2.7,强,大球,"0,1",,,,,,,,,"3,4,5",0.27,2.01,0,"['首选0球(变0%,n=1)', '⚠️方向冲突: Step0=大球但推荐0球(反方向)→谨慎', '双选0球+1球']",0,挪威超级联赛,联赛,其他联赛,欧洲,北欧联赛,挪威超级联赛
2.6,2:0,2,雅罗,0,0,1,4.1,1,2.9,0,0,0,0,1,-4.8,1,-10.5,1,-10.3,0,0,0,0,0,0,0,0,2.3,4.6,13.0,5.1,3.5,3.4,5.2,9.0,17.0,26.0,2.0,4.1,6.2,6.2,1.38,4.82,1.38,0,3.15,0,0,2.55,2.38,国际图尔库,2026-05-09,2039603,,13.0,15.0,32.0,90.0,6.5,8.0,16.0,55.0,6.0,6.5,17.0,60.0,10.0,10.0,24.0,65.0,,,,1.66,1.06,2.3,弱(盘口矛盾),大球,"0,1",,,,,,,,,"0,1,2",0.98,0.95,0,"['首选0球(变0%,n=0)', '⚠️方向冲突: Step0=大球但推荐0球(反方向)→谨慎', '双选0球+1球']",0,芬兰超级联赛,联赛,其他联赛,欧洲,北欧联赛,芬兰超级联赛
2.4,1:4,5,米亚尔比,0,0,0,0,0,0,0,0,0,0,0,0,0,0,0,0,1,1.6,2,3.8,2,-3.1,0,0,2.3,4.6,9.5,4.1,3.15,3.7,6.3,12.0,22.0,35.0,2.2,3.2,1.86,3.58,1.86,1.72,3.58,1.0,3.45,0,1,3.94,1.71,代格福什,2026-05-09,2039605,,9.5,6.2,8.25,17.0,9.0,5.7,7.0,15.0,17.5,10.0,14.0,29.0,50.0,29.0,50.0,85.0,,,,1.83,0.84,2.3,弱(0球不动降权),小球,"0,1",,,,,,,,,"0,1,2",1.28,0.88,0,"['首选0球(变0%,n=0)', '双选0球+1球']",0,瑞典超级联赛,联赛,其他联赛,欧洲,北欧联赛,瑞典超级联赛
3.6,0:1,1,哈马比,0,0,2,2.6,2,5.3,3,1.4,2,-5.2,2,-3.2,2,-3.7,2,-5.0,4,9.1,4,17.3,4,-8.2,1,7.7,3.4000000000000004,6.800000000000001,16.0,5.9,3.95,3.5,4.55,7.5,13.0,19.0,3.2,4.2,1.45,4.95,1.45,3.5,4.95,1.0,3.3,0,1,2.5,2.35,IFK哥德堡,2026-05-09,2039606,,16.0,7.5,8.0,12.0,16.0,8.0,7.0,11.0,28.0,12.0,12.5,19.0,65.0,36.0,35.0,50.0,,,,2.54,0.82,3.4,强(防守一致),大球,"0,1",,,,,,,,,"3,4,5",0.82,2.85,0,"['首选0球(变0%,n=0)', '⚠️方向冲突: Step0=大球但推荐0球(反方向)→谨慎', '双选0球+1球']",0,瑞典超级联赛,联赛,其他联赛,欧洲,北欧联赛,瑞典超级联赛
2.4,2:0,2,利勒斯特罗姆,0,0,0,0,0,0,0,0,0,0,0,0,0,0,0,0,0,0,1,-2.8,1,2.7,1,3.3,2.2,4.4,16.0,6.0,3.9,3.4,4.65,7.7,13.0,19.0,2.0,3.45,2.32,3.45,2.32,1.1300000000000003,2.45,1.0,4.1,0,1,4.9,1.47,罗森博格,2026-05-10,2039631,,16.0,10.0,13.0,24.0,10.5,6.5,7.5,15.0,15.0,8.25,11.0,20.0,30.0,18.0,21.0,40.0,,,,1.94,0.6,2.2,弱(高球不动降权),大球,"0,1",,,,,,,,,"0,1,2",0.54,1.53,0,"['首选0球(变0%,n=0)', '⚠️方向冲突: Step0=大球但推荐0球(反方向)→谨慎', '双选0球+1球']",0,挪威超级联赛,联赛,其他联赛,欧洲,北欧联赛,挪威超级联赛
4.0,2:0,2,厄尔格里特,0,0,1,2.2,2,6.0,2,-5.3,1,-4.8,1,3.6,0,0,1,5.6,0,0,0,0,0,0,0,0,4.1,8.2,33.0,9.2,5.3,3.55,4.0,5.8,8.5,9.5,4.2,99.0,99.0,99.0,99.0,0.0,99.0,0,4.02,0,0,2.27,2.27,天狼星,2026-05-12,2039655,,33.0,35.0,80.0,300.0,10.0,12.5,25.0,90.0,7.5,7.5,20.0,60.0,7.75,8.5,19.0,70.0,,,,0.82,3.03,4.1,中,大球,"1,2",,,,,,,,,"3,4,5",2.79,1.6,0,"['首选1球(变0%,n=1)', '⚠️方向冲突: Step0=大球但推荐1球(反方向)→谨慎', '双选1球+2球']",1,瑞典超级联赛,联赛,其他联赛,欧洲,北欧联赛,瑞典超级联赛
3.2,2:2,4,坦佩雷山猫,1,10.5,1,9.4,1,2.6,2,-2.9,0,0,2,-3.4,2,-7.7,2,-6.2,4,1.9,4,-0.6,4,0,2,0,2.6,5.2,21.0,7.0,4.0,3.35,4.5,7.0,12.0,15.0,2.0,3.85,4.55,4.55,1.54,3.01,1.54,0,3.35,0,0,2.16,2.72,赫尔辛基,2026-05-16,2039758,,21.0,16.0,27.0,65.0,9.0,7.5,14.0,35.0,9.0,7.0,12.0,35.0,12.5,10.0,18.0,40.0,,,,2.17,0.89,2.6,中(防守矛盾⚠️),大球,"1,2",,,,,,,,,"3,4,5",1.65,0.51,0,"['首选1球(变0%,n=1)', '⚠️方向冲突: Step0=大球但推荐1球(反方向)→谨慎', '双选1球+2球']",1,芬兰超级联赛,联赛,其他联赛,欧洲,北欧联赛,芬兰超级联赛
2.6,2:1,3,奥斯陆KFUM,0,0,1,-3.7,0,0,0,0,1,2.3,0,0,0,0,0,0,0,0,0,0,0,0,0,0,3.1,6.2,22.0,6.5,4.4,3.45,4.5,6.5,11.0,14.0,3.6,4.45,5.4,5.4,1.39,4.010000000000001,1.39,0,3.65,0,0,2.55,2.16,布兰,2026-05-16,2039759,,22.0,18.0,33.0,90.0,8.5,9.0,15.0,45.0,8.0,6.5,13.0,35.0,10.5,9.5,17.0,45.0,,,,0.82,1.71,3.1,弱(高球不动降权),大球,"1,2",,,,,,,,,"1,2,3",2.66,1.11,0,"['首选1球(变0%,n=1)', '⚠️方向冲突: Step0=大球但推荐1球(反方向)→谨慎', '双选1球+2球']",1,挪威超级联赛,联赛,其他联赛,欧洲,北欧联赛,挪威超级联赛
2.2,1:1,2,埃尔夫斯堡,0,0,0,0,0,0,0,0,0,0,0,0,0,0,0,0,1,2.2,2,5.5,2,-3.8,1,3.2,2.3,4.6,9.5,4.15,3.2,3.7,6.0,12.0,22.0,35.0,2.4,3.25,1.78,3.85,1.78,2.0700000000000003,3.85,1.0,3.38,0,1,3.68,1.78,哈尔姆斯塔德,2026-05-16,2039760,,9.5,6.25,8.0,16.0,9.5,6.0,6.75,14.0,19.0,10.5,14.0,28.0,50.0,33.0,50.0,90.0,,,,1.45,0.77,2.3,弱(高球不动降权),大球,"0,1",,,,,,,,,"0,1,2",0.51,1.96,0,"['首选0球(变0%,n=0)', '⚠️方向冲突: Step0=大球但推荐0球(反方向)→谨慎', '双选0球+1球']",0,瑞典超级联赛,联赛,其他联赛,欧洲,北欧联赛,瑞典超级联赛
2.6,1:1,2,代格福什,1,-9.1,2,-9.1,1,-1.5,0,0,2,7.8,2,14.3,2,15.8,2,16.7,3,0,3,-1.9,3,5.4,1,-9.1,2.5,5.0,10.0,4.0,3.3,3.55,6.2,12.0,22.0,35.0,2.4,3.6,4.85,4.85,1.55,3.3,1.55,0,3.07,0,0,2.1,3.05,哥德堡盖斯,2026-05-16,2039761,,10.0,11.0,25.0,75.0,5.75,6.5,12.0,50.0,7.0,6.75,18.0,50.0,12.0,13.0,28.0,100.0,,,,1.03,1.89,2.5,强(防守强化),小球,"0,1",,,,,,,,,"0,1,2",1.75,0.62,0,"['首选0球(变0%,n=1)', '双选0球+1球']",0,瑞典超级联赛,联赛,其他联赛,欧洲,北欧联赛,瑞典超级联赛
2.8,5:0,5,特罗姆瑟,0,0,2,8.8,2,8.2,3,-9.7,3,-11.1,1,3.1,1,14.3,1,15.4,0,0,0,0,0,0,0,0,2.8,5.6,22.0,7.4,4.6,3.25,4.0,6.7,12.0,15.0,2.8,4.9,6.7,6.7,1.29,5.41,1.29,0,3.8,0,0,2.9,1.92,博德闪耀,2026-05-17,2039772,,22.0,22.0,50.0,150.0,8.5,9.0,19.0,60.0,7.5,7.0,15.0,50.0,9.0,9.0,18.0,60.0,,,,1.41,1.34,2.8,强,大球,"1,2",,,,,,,,,"3,4,5",1.97,0.95,0,"['首选1球(变0%,n=2)', '⚠️方向冲突: Step0=大球但推荐1球(反方向)→谨慎', '双选1球+2球']",1,挪威超级联赛,联赛,其他联赛,欧洲,北欧联赛,挪威超级联赛
3.6,5:0,5,雅罗,1,-7.7,2,-3.0,2,-5.7,1,-2.9,2,4.9,2,10.5,2,15.2,2,40.0,3,-8.9,1,2.9,3,5.6,3,-12.3,2.8,5.6,12.0,4.8,3.3,3.35,5.4,10.5,19.0,35.0,2.0,2.85,3.19,3.19,2.15,1.04,2.15,0,3.8,0,0,1.53,4.75,赫尔辛基火花,2026-05-17,2039773,,12.0,10.0,16.0,38.0,8.0,5.5,10.5,25.0,11.0,7.5,11.5,26.0,21.0,16.5,23.0,45.0,,,,1.7,2.47,2.8,强,小球,"0,1",,,,,,,,,"0,1,2",1.42,0.61,0,"['首选0球(变0%,n=1)', '双选0球+1球']",0,芬兰超级联赛,联赛,其他联赛,欧洲,北欧联赛,芬兰超级联赛
2.4,1:0,1,TPS图尔库,0,0,0,0,1,-4.3,1,-1.4,1,4.0,1,2.8,1,6.2,1,8.7,2,-1.9,2,3.4,2,-8.8,1,-4.0,2.4,4.8,14.0,5.25,3.35,3.4,5.2,9.25,17.0,25.0,2.4,3.65,5.2,5.2,1.51,3.6900000000000004,1.51,0,3.3,0,0,2.18,2.72,AC奥卢,2026-05-17,2039774,,14.0,15.0,31.0,70.0,7.0,7.5,15.5,42.0,7.5,6.75,15.0,43.0,11.0,10.5,23.0,60.0,,,,1.79,0.65,2.4,弱(盘口矛盾),大球,"0,2",,,,,,,,,"0,2,3",1.09,1.14,0,"['首选0球(变0%,n=0)', '⚠️方向冲突: Step0=大球但推荐0球(反方向)→谨慎', '双选0球+2球']",0,芬兰超级联赛,联赛,其他联赛,欧洲,北欧联赛,芬兰超级联赛
3.4,4:1,5,马尔默,2,35.3,3,26.7,3,13.9,2,4.3,1,-9.6,2,-14.4,3,-23.1,3,-29.4,6,15.5,6,-9.7,6,27.5,1,21.3,2.8,5.6,23.0,7.6,4.5,3.6,4.25,6.25,10.0,12.0,2.2,4.85,6.5,6.5,1.3,5.2,1.3,0,3.4,0,0,2.86,2.06,哈马比,2026-05-17,2039791,,23.0,23.0,40.0,90.0,8.35,8.5,18.0,50.0,8.0,6.5,12.5,35.0,10.0,9.0,15.0,45.0,,,,1.69,2.06,2.8,强,大球,"1,2",,,,,,,,,"3,4,6",1.38,0.87,0,"['首选1球(变0%,n=3)', '⚠️方向冲突: Step0=大球但推荐1球(反方向)→谨慎', '双选1球+2球']",1,瑞典超级联赛,联赛,其他联赛,欧洲,北欧联赛,瑞典超级联赛
3.2,1:1,2,瓦萨,0,0,1,3.7,2,-1.6,1,-2.7,4,1.6,4,-4.2,3,4.3,1,8.6,4,-3.1,8,13.9,5,-14.2,4,-15.3,3.2,6.4,9.5,4.25,3.1,3.6,6.3,11.5,24.0,38.0,3.2,2.86,2.9,2.9,2.3,0.6000000000000001,2.3,0,3.85,0,0,1.45,5.55,拉赫蒂,2026-05-18,2039816,,9.5,8.5,14.0,37.0,7.0,5.6,9.5,28.0,10.0,7.5,13.0,33.0,22.0,18.0,32.0,65.0,,,,2.97,0.66,3.2,强(防守强化),大球,"0,1",,,,,,,,,"3,4,5",1.98,1.15,0,"['首选0球(变0%,n=0)', '⚠️方向冲突: Step0=大球但推荐0球(反方向)→谨慎', '双选0球+1球']",0,芬兰超级联赛,联赛,其他联赛,欧洲,北欧联赛,芬兰超级联赛
4.2,2:3,5,天狼星,0,0,4,11.7,4,10.4,4,-5.8,3,-9.6,3,3.3,2,0,1,-11.1,2,-2.3,2,-4.2,2,7.2,1,-2.6,3.9000000000000004,7.800000000000001,17.0,6.7,4.25,3.25,4.25,7.75,13.0,16.0,3.6,3.42,2.84,3.42,2.06,1.3599999999999999,2.06,0,3.95,0,0,1.57,4.18,佐加顿斯,2026-05-19,2039817,,17.0,13.0,18.0,33.0,10.0,7.0,8.8,18.0,12.0,7.5,10.5,21.0,21.0,14.0,18.0,38.0,,,,2.63,1.28,3.9,中,大球,"0,1",,,,,,,,,"3,4,5",2.96,1.21,0,"['首选0球(变0%,n=0)', '⚠️方向冲突: Step0=大球但推荐0球(反方向)→谨慎', '双选0球+1球']",0,瑞典超级联赛,联赛,其他联赛,欧洲,北欧联赛,瑞典超级联赛
3.6,1:3,4,国际图尔库,2,-23.1,0,0,1,3.0,1,1.5,1,1.0,2,8.1,2,0,2,0,3,-1.5,4,1.5,4,0,1,-5.1,3.4000000000000004,6.800000000000001,10.0,5.0,3.45,3.45,5.25,10.0,19.0,32.0,3.2,3.2,1.94,3.32,1.94,1.38,3.32,1.0,3.42,0,1,4.35,1.65,坦佩雷山猫,2026-05-20,2039848,,10.0,7.5,10.0,19.0,10.0,7.0,6.8,14.0,17.0,10.0,12.0,22.0,42.0,26.0,30.0,50.0,,,,3.3,0.72,3.4,强(防守一致),大球,"0,1",,,,,,,,,"3,4,5",2.13,1.11,0,"['首选0球(变0%,n=2)', '⚠️方向冲突: Step0=大球但推荐0球(反方向)→谨慎', '双选0球+1球']",0,芬兰超级联赛,联赛,其他联赛,欧洲,北欧联赛,芬兰超级联赛
3.4,1:4,5,博德闪耀,0,0,1,7.7,1,2.8,1,-2.6,1,-3.7,1,1.9,0,0,0,0,1,2.5,1,11.1,1,-1.7,0,0,3.8,7.6,35.0,10.5,5.45,3.8,3.95,5.35,8.2,8.2,4.2,6.25,1.15,10.0,1.15,8.85,10.0,2.0,4.0,0,1,2.45,2.12,斯达,2026-05-21,2039849,,35.0,11.5,8.25,9.0,35.0,11.5,7.5,8.5,70.0,25.0,17.0,16.0,175.0,75.0,50.0,45.0,,,,2.97,0.67,3.8,强(防守一致),大球,"1,2",,,,,,,,,"3,4,5",1.4,3.4,0,"['首选1球(变0%,n=1)', '⚠️方向冲突: Step0=大球但推荐1球(反方向)→谨慎', '双选1球+2球']",1,挪威超级联赛,联赛,其他联赛,欧洲,北欧联赛,挪威超级联赛
4.2,3:0,3,雅罗,1,20.0,1,9.1,1,3.9,0,0,1,-6.2,1,-3.1,2,-13.3,2,-17.4,4,3.5,4,-3.0,4,11.1,4,-10.0,2.9000000000000004,5.800000000000001,18.0,6.0,3.95,3.35,4.5,7.75,13.0,19.0,1.6,4.4,7.5,7.5,1.3,6.2,1.3,0,3.25,0,0,2.86,2.12,库奥皮奥,2026-05-21,2039850,,18.0,18.0,38.0,120.0,7.0,9.0,17.0,50.0,7.0,6.5,17.0,50.0,9.5,9.0,19.0,60.0,,,,1.26,3.36,2.9,强,大球,"0,1",,,,,,,,,"3,4,5",0.9,0.72,0,"['首选0球(变0%,n=1)', '⚠️方向冲突: Step0=大球但推荐0球(反方向)→谨慎', '双选0球+1球']",0,芬兰超级联赛,联赛,其他联赛,欧洲,北欧联赛,芬兰超级联赛
2.8,2:0,2,哈马比,1,-14.3,1,-5.0,2,-1.5,5,-8.8,4,13.7,5,22.2,4,15.0,4,16.7,7,-14.5,6,-6.3,7,13.9,3,-13.6,2.5,5.0,12.0,4.75,3.3,3.1,5.8,11.0,23.0,35.0,2.2,2.95,2.05,3.3,2.05,1.25,3.3,1.0,3.55,0,1,4.65,1.58,哥德堡盖斯,2026-05-21,2039851,,12.0,7.5,9.0,17.0,10.0,6.0,6.75,15.0,19.0,10.0,11.5,24.0,45.0,30.0,32.0,55.0,,,,2.2,0.9,2.5,0球区间铁律,小球,"0,2",,,,,,,,,"0,2",1.6,0.6,0,"['首选0球(变0%,n=1)', '双选0球+2球']",0,瑞典超级联赛,联赛,其他联赛,欧洲,北欧联赛,瑞典超级联赛
1.8,1:2,3,克里斯蒂安松,0,0,1,6.7,1,4.4,2,-5.7,2,-5.7,1,4.8,1,5.0,1,4.2,3,-5.7,3,3.2,3,-8.6,1,-2.4,2.3,4.6,24.0,8.0,4.7,3.3,4.15,6.5,10.5,12.5,2.8,4.95,6.58,6.58,1.29,5.29,1.29,0,3.6,0,0,2.9,1.98,利勒斯特罗姆,2026-05-21,2039852,,24.0,25.0,50.0,150.0,9.2,10.0,20.0,60.0,7.7,7.2,15.0,50.0,9.0,8.5,17.0,50.0,,,,0.59,1.12,2.3,近小球+0球过高→大球,大球,"1,2",,,,,,,,,"3,4,5",1.9,1.08,0,"['首选1球(变0%,n=1)', '⚠️方向冲突: Step0=大球但推荐1球(反方向)→谨慎', '双选1球+2球']",1,挪威超级联赛,联赛,其他联赛,欧洲,北欧联赛,挪威超级联赛
3.6,2:1,3,布兰,0,0,1,3.3,2,6.8,3,-11.3,3,-13.6,2,16.7,2,20.0,3,19.2,3,-3.8,2,-3.0,3,3.0,1,0.7,3.2,6.4,24.0,7.75,4.7,3.15,3.8,7.0,12.0,15.5,2.8,3.8,1.7,3.8,1.7,2.0999999999999996,3.59,1.0,3.75,0,1,3.05,1.87,奥勒松,2026-05-21,2039854,,24.0,11.0,11.0,15.0,17.0,8.0,6.75,10.0,26.0,11.0,11.0,15.0,45.0,27.0,25.0,30.0,,,,2.53,1.09,3.2,强(防守一致),大球,"2,3",,,,,,,,,"3,4,7",1.24,1.69,0,"['首选2球(变0%,n=2)', '⚠️方向冲突: Step0=大球但推荐2球(反方向)→谨慎', '双选2球+3球']",2,挪威超级联赛,联赛,其他联赛,欧洲,北欧联赛,挪威超级联赛
3.2,1:1,2,米亚尔比,2,15.8,5,9.8,2,3.2,2,-8.3,1,-3.2,5,-12.0,4,-8.0,4,-5.6,4,-7.3,5,-11.2,7,18.3,4,0,2.8,5.6,11.0,4.5,3.25,3.3,6.0,11.0,23.0,34.0,2.4,2.8,2.65,2.8,2.53,0.27,2.53,1.0,4.35,0,1,6.3,1.35,埃尔夫斯堡,2026-05-22,2039858,,11.0,8.1,13.0,31.0,8.0,5.6,8.5,22.0,12.0,7.5,12.0,28.0,28.0,21.0,28.0,55.0,,,,1.94,1.03,2.8,0球区间铁律,小球,"0,2",,,,,,,,,"0,2",1.36,0.91,0,"['首选0球(变0%,n=2)', '双选0球+2球']",0,瑞典超级联赛,联赛,其他联赛,欧洲,北欧联赛,瑞典超级联赛
2.4,2:1,3,赫尔辛基,3,0,4,1.9,4,-5.6,4,0,5,6.0,5,4.7,6,-3.1,6,-4.3,7,-10.7,10,1.4,9,6.0,6,-18.0,2.9,5.8,14.0,5.4,3.4,3.4,5.3,9.0,15.5,22.0,3.4,3.02,1.94,3.53,1.94,1.5899999999999999,3.53,1.0,3.62,0,1,4.05,1.65,瓦萨,2026-05-23,2039882,,14.0,8.5,10.0,19.0,11.5,6.5,6.5,13.0,19.0,9.0,12.5,21.0,40.0,28.0,27.0,45.0,,,,1.82,0.91,2.9,中,大球,"0,1",,,,,,,,,"3,5",2.67,0.73,0,"['首选0球(变0%,n=3)', '⚠️方向冲突: Step0=大球但推荐0球(反方向)→谨慎', '双选0球+1球']",0,芬兰超级联赛,联赛,其他联赛,欧洲,北欧联赛,芬兰超级联赛
2.6,1:2,3,布鲁马波卡纳,1,10.5,3,11.5,3,10.0,3,-11.4,3,-13.3,2,4.2,2,12.5,2,20.0,2,5.4,2,-3.0,2,7.4,3,13.3,3.5,7.0,21.0,7.25,4.4,3.1,3.9,7.5,13.5,18.0,4.4,4.85,6.5,6.5,1.3,5.2,1.3,0,3.45,0,0,2.84,2.05,佐加顿斯,2026-05-23,2039883,,21.0,22.0,45.0,100.0,8.25,9.5,19.0,55.0,7.25,6.5,16.0,55.0,9.0,8.75,17.0,55.0,,,,1.26,1.09,3.5,强(防守一致),大球,"2,3",,,,,,,,,"3,4,5",2.96,1.76,0,"['首选2球(变0%,n=3)', '⚠️方向冲突: Step0=大球但推荐2球(反方向)→谨慎', '双选2球+3球']",2,瑞典超级联赛,联赛,其他联赛,欧洲,北欧联赛,瑞典超级联赛
2.2,2:1,3,TPS图尔库,0,0,0,0,0,0,0,0,0,0,0,0,0,0,0,0,1,2.5,0,0,1,-3.1,0,0,3.1,6.2,14.0,5.1,3.4,3.4,5.1,9.0,18.0,28.0,4.0,4.1,6.25,6.25,1.38,4.87,1.38,0,3.3,0,0,2.58,2.28,国际图尔库,2026-05-23,2039899,,14.0,15.0,33.0,90.0,6.0,8.25,18.0,55.0,6.75,6.5,16.5,55.0,10.0,10.0,22.0,70.0,,,,1.33,0.72,3.1,弱(高球不动降权),大球,"0,1",,,,,,,,,"0,1,2",3.43,0.78,0,"['首选0球(变0%,n=0)', '⚠️方向冲突: Step0=大球但推荐0球(反方向)→谨慎', '双选0球+1球']",0,芬兰超级联赛,联赛,其他联赛,欧洲,北欧联赛,芬兰超级联赛
3.2,2:0,2,厄尔格里特,0,0,1,6.5,0,0,0,0,0,0,1,-5.0,1,-5.6,1,-10.3,3,-6.1,4,4.3,3,-1.4,1,-4.8,2.8,5.6,11.5,4.9,3.35,3.55,5.55,9.5,17.0,26.0,2.4,3.1,3.4,3.4,1.95,1.45,1.95,0,3.55,0,0,1.66,4.1,哈尔姆斯塔德,2026-05-23,2039900,,11.5,9.5,17.0,50.0,7.25,6.0,9.5,28.0,9.0,7.0,13.0,35.0,17.0,14.5,24.0,70.0,,,,0.87,2.53,2.8,修正(否决),大球,"0,2",,,,,,,,,"3,4,5",0.61,1.77,0,"['首选0球(变0%,n=0)', '⚠️方向冲突: Step0=大球但推荐0球(反方向)→谨慎', '双选0球+2球']",0,瑞典超级联赛,联赛,其他联赛,欧洲,北欧联赛,瑞典超级联赛
2.8,2:1,3,代格福什,1,5.6,2,6.2,2,3.2,2,0,1,-3.1,2,-11.1,2,-17.4,2,-20.0,1,-1.6,1,-1.1,1,4.7,1,2.2,2.7,5.4,9.5,4.25,3.2,3.75,6.15,12.0,19.0,28.0,2.6,3.15,4.0,4.0,1.78,2.2199999999999998,1.78,0,3.28,0,0,1.78,3.8,卡尔马,2026-05-23,2039901,,9.5,9.0,18.0,60.0,6.25,6.0,10.5,38.0,7.75,7.0,15.0,45.0,15.0,14.5,30.0,80.0,,,,1.12,1.71,2.7,0球区间铁律,小球,"0,1",,,,,,,,,"0,1,2",1.28,1.14,0,"['首选0球(变0%,n=1)', '双选0球+1球']",0,瑞典超级联赛,联赛,其他联赛,欧洲,北欧联赛,瑞典超级联赛
2.8,2:0,2,赫尔辛基火花,0,0,0,0,0,0,0,0,0,0,0,0,0,0,0,0,2,-2.8,2,5.6,2,-7.1,1,-7.4,2.9,5.8,17.0,5.75,3.75,3.4,4.6,8.0,15.0,19.5,3.0,3.45,3.25,3.45,1.88,1.5700000000000003,1.88,0,3.65,0,0,1.69,3.8,坦佩雷山猫,2026-05-23,2039902,,17.0,13.0,22.0,45.0,9.0,7.5,10.5,26.0,10.5,6.75,11.0,25.0,16.0,11.5,18.0,40.0,,,,2.62,0.39,2.9,弱(高球不动降权),大球,"0,2",,,,,,,,,"0,2,3",1.81,1.49,0,"['首选0球(变0%,n=0)', '⚠️方向冲突: Step0=大球但推荐0球(反方向)→谨慎', '双选0球+2球']",0,芬兰超级联赛,联赛,其他联赛,欧洲,北欧联赛,芬兰超级联赛
2.4,0:1,1,AC奥卢,0,0,1,5.0,1,-2.9,0,0,0,0,0,0,0,0,0,0,0,0,2,0,2,0,0,0,2.8,5.6,14.0,5.25,3.35,3.4,5.1,8.75,19.0,28.0,3.2,3.2,2.45,3.2,2.45,0.75,2.45,0,4.15,0,0,1.4,5.75,塞伊奈约基,2026-05-23,2039903,,14.0,9.5,13.5,26.0,9.5,6.5,8.0,18.0,13.5,8.0,11.0,22.0,26.0,18.0,22.0,40.0,,,,1.07,0.91,2.8,弱(高球不动降权),大球,"0,2",,,,,,,,,"0,2,3",1.89,1.17,0,"['首选0球(变0%,n=0)', '⚠️方向冲突: Step0=大球但推荐0球(反方向)→谨慎', '双选0球+2球']",0,芬兰超级联赛,联赛,其他联赛,欧洲,北欧联赛,芬兰超级联赛
3.0,2:1,3,拉赫蒂,1,-8.7,1,-7.4,1,-1.6,1,2.9,1,3.6,1,10.0,1,9.1,1,11.1,2,4.2,2,-3.2,2,6.1,0,0,2.4,4.8,10.5,4.4,3.15,3.55,5.7,11.0,24.0,40.0,1.8,3.75,5.25,5.25,1.49,3.76,1.49,0,3.2,0,0,2.25,2.69,库奥皮奥,2026-05-23,2039904,,10.5,12.0,24.0,100.0,6.0,7.0,15.0,42.0,6.7,6.5,17.0,45.0,12.0,11.5,23.0,80.0,,,,1.69,1.12,2.4,中(防守矛盾⚠️),大球,"0,1",,,,,,,,,"3,4,5",1.51,0.48,0,"['首选0球(变0%,n=1)', '⚠️方向冲突: Step0=大球但推荐0球(反方向)→谨慎', '双选0球+1球']",0,芬兰超级联赛,联赛,其他联赛,欧洲,北欧联赛,芬兰超级联赛
2.2,3:0,3,玛丽港,0,0,0,0,0,0,0,0,0,0,0,0,0,0,0,0,3,-3.8,3,8.0,3,-12.9,1,-6.7,3.3000000000000003,6.6000000000000005,12.0,4.8,3.3,3.45,5.4,9.5,20.0,34.0,4.4,3.32,3.85,3.85,1.76,2.09,1.76,0,3.4,0,0,1.82,3.5,雅罗,2026-05-23,2039905,,12.0,11.5,22.0,60.0,6.5,6.5,12.0,34.0,7.75,6.7,13.5,40.0,15.0,12.0,23.0,60.0,,,,1.45,0.76,3.3,弱(高球不动降权),大球,"0,1",,,,,,,,,"0,1,2",0.81,3.58,0,"['首选0球(变0%,n=0)', '⚠️方向冲突: Step0=大球但推荐0球(反方向)→谨慎', '双选0球+1球']",0,芬兰超级联赛,联赛,其他联赛,欧洲,北欧联赛,芬兰超级联赛
2.8,1:2,3,AIK索尔纳,2,12.5,5,26.3,5,13.0,7,1.4,3,-6.2,4,-9.7,8,-23.1,8,-31.6,6,10.6,6,-8.5,6,28.3,4,17.7,2.8,5.6,18.0,7.2,4.35,3.5,4.5,7.0,10.0,13.0,2.8,4.7,6.8,6.8,1.3,5.5,1.3,0,3.45,0,0,2.9,2.02,哈马比,2026-05-24,2039928,,18.0,22.0,38.0,100.0,7.3,8.0,13.0,58.0,7.25,6.0,16.0,48.0,9.5,10.0,19.0,60.0,,,,1.09,1.84,2.8,强,大球,"0,4",,,,,,,,,"4,5",1.66,1.21,0,"['首选0球(变0%,n=2)', '⚠️方向冲突: Step0=大球但推荐0球(反方向)→谨慎', '双选0球+4球']",0,瑞典超级联赛,联赛,其他联赛,欧洲,北欧联赛,瑞典超级联赛
2.6,2:1,3,哥德堡盖斯,0,0,1,1.8,1,4.0,0,0,1,-6.2,0,0,0,0,0,0,5,2.7,7,-1.9,7,2.8,1,4.2,3.4000000000000004,6.800000000000001,15.0,5.8,3.9,3.45,4.5,8.0,14.0,20.0,4.2,3.85,4.4,4.4,1.56,2.8400000000000003,1.56,0,3.75,0,0,2.08,2.63,天狼星,2026-05-24,2039929,,15.0,14.0,25.0,65.0,8.0,7.0,11.5,38.0,8.5,6.7,13.0,38.0,12.5,11.0,19.0,55.0,,,,1.88,0.48,3.4,弱(高球不动降权),大球,"0,1",,,,,,,,,"0,1,2",2.61,1.52,0,"['首选0球(变0%,n=0)', '⚠️方向冲突: Step0=大球但推荐0球(反方向)→谨慎', '双选0球+1球']",0,瑞典超级联赛,联赛,其他联赛,欧洲,北欧联赛,瑞典超级联赛
3.8,3:1,4,布兰,1,14.3,3,20.0,3,15.7,2,10.3,1,-4.8,1,-1.9,3,-14.1,3,-20.5,5,9.9,5,-4.8,5,21.4,3,14.3,3.9,7.8,40.0,12.0,6.25,4.3,4.0,5.2,6.7,6.2,4.0,6.1,8.5,8.5,1.18,7.32,1.18,0,4.45,0,0,3.8,1.56,博德闪耀,2026-05-24,2039931,,40.0,40.0,70.0,150.0,13.0,13.5,30.0,60.0,9.0,8.0,17.0,40.0,9.0,8.0,14.0,40.0,,,,2.22,1.37,3.9,强,大球,"1,2",,,,,,,,,"3,4,6",3.37,0.83,0,"['首选1球(变0%,n=3)', '⚠️方向冲突: Step0=大球但推荐1球(反方向)→谨慎', '双选1球+2球']",1,挪威超级联赛,联赛,其他联赛,欧洲,北欧联赛,挪威超级联赛
3.0,2:3,5,韦斯特罗斯,0,0,1,1.8,1,-2.7,1,-2.9,1,1.0,1,2.5,1,6.7,1,10.0,1,-2.5,1,3.4,1,-7.0,1,-4.6,3.6,7.2,15.0,5.6,3.6,3.4,4.85,8.2,16.0,22.0,4.2,3.85,4.65,4.65,1.53,3.12,1.53,0,3.45,0,0,2.14,2.69,马尔默,2026-05-24,2039932,,15.0,14.0,28.0,90.0,7.5,7.25,12.5,50.0,7.5,6.5,14.0,40.0,11.5,11.0,20.0,60.0,,,,0.97,1.62,3.6,强(防守一致),大球,"0,1",,,,,,,,,"3,4,5",1.55,2.84,0,"['首选0球(变0%,n=0)', '⚠️方向冲突: Step0=大球但推荐0球(反方向)→谨慎', '双选0球+1球']",0,瑞典超级联赛,联赛,其他联赛,欧洲,北欧联赛,瑞典超级联赛
4.4,1:2,3,维京,0,0,0,0,0,0,0,0,0,0,0,0,0,0,0,0,2,-4.0,2,-11.2,2,3.8,2,-2.3,3.2,6.4,28.0,8.0,4.9,3.6,4.3,5.8,9.0,10.5,2.0,4.8,1.35,5.55,1.35,4.199999999999999,5.55,1.0,3.95,0,1,2.01,2.65,克里斯蒂安松,2026-05-25,2039943,,28.0,10.0,8.5,10.0,23.0,10.0,7.0,9.0,40.0,18.0,14.0,15.0,100.0,45.0,35.0,45.0,,,,3.5,1.29,3.2,弱(高球不动降权),大球,"1,2",,,,,,,,,"1,2,3",0.87,1.19,0,"['首选1球(变0%,n=0)', '⚠️方向冲突: Step0=大球但推荐1球(反方向)→谨慎', '双选1球+2球']",1,挪威超级联赛,联赛,其他联赛,欧洲,北欧联赛,挪威超级联赛
3.6,2:0,2,瓦勒伦加,1,12.5,2,10.0,1,9.0,1,-2.9,1,-4.2,1,-2.1,2,-11.5,2,-18.4,3,1.4,3,3.4,2,-3.0,0,0,4.2,8.4,18.0,6.6,4.25,3.3,4.6,7.15,11.5,15.5,4.8,3.6,1.91,3.6,1.91,1.6900000000000002,3.05,1.0,3.75,0,1,3.8,1.67,斯达,2026-05-25,2039952,,18.0,9.0,10.5,19.0,12.0,7.0,6.75,14.0,18.0,9.0,11.0,18.0,35.0,21.0,23.0,45.0,,,,1.43,2.22,4.2,强(防守一致),大球,"0,1",,,,,,,,,"3,4,5",1.32,3.81,0,"['首选0球(变0%,n=1)', '⚠️方向冲突: Step0=大球但推荐0球(反方向)→谨慎', '双选0球+1球']",0,挪威超级联赛,联赛,其他联赛,欧洲,北欧联赛,挪威超级联赛
3.0,2:0,2,利勒斯特罗姆,0,0,1,2.7,1,-5.3,0,0,0,0,1,0.6,1,7.1,1,9.5,2,-4.9,0,0,2,3.0,3,0.9,2.8,5.6,15.0,5.65,3.55,3.4,4.9,8.25,15.0,23.0,2.6,3.28,2.06,3.28,2.06,1.2199999999999998,2.95,1.0,3.85,0,1,4.25,1.58,汉坎,2026-05-25,2039953,,15.0,8.5,10.5,18.0,11.0,6.5,7.0,14.0,16.5,9.0,11.5,20.0,35.0,22.0,25.0,50.0,,,,1.62,1.46,2.8,中(防守矛盾⚠️),大球,"0,1",,,,,,,,,"3,4,5",1.52,0.94,0,"['首选0球(变0%,n=0)', '⚠️方向冲突: Step0=大球但推荐0球(反方向)→谨慎', '双选0球+1球']",0,挪威超级联赛,联赛,其他联赛,欧洲,北欧联赛,挪威超级联赛
2.8,1:1,2,奥勒松,1,10.5,2,8.9,2,7.3,2,-10.3,2,-9.9,1,7.1,1,8.0,1,11.8,4,3.3,3,-0.8,3,-0.7,1,2.1,3.2,6.4,21.0,6.75,4.4,3.05,4.1,7.5,13.5,19.0,3.6,4.75,6.7,6.7,1.3,5.4,1.3,0,3.35,0,0,2.9,2.06,特罗姆瑟,2026-05-25,2039954,,21.0,20.0,40.0,100.0,8.0,8.5,15.5,55.0,7.0,6.25,15.0,50.0,9.0,9.5,20.0,65.0,,,,1.58,1.36,3.2,强(防守一致),大球,"2,3",,,,,,,,,"3,4,5",1.03,2.56,0,"['首选2球(变0%,n=2)', '⚠️方向冲突: Step0=大球但推荐2球(反方向)→谨慎', '双选2球+3球']",2,挪威超级联赛,联赛,其他联赛,欧洲,北欧联赛,挪威超级联赛
2.4,2:0,2,罗森博格,0,0,0,0,1,-5.4,1,-4.5,0,0,2,5.9,2,20.0,2,30.4,4,-7.4,4,9.3,4,-5.2,2,0,2.4,4.8,14.0,5.4,3.5,3.2,5.0,9.0,18.0,30.0,2.4,3.15,2.75,3.15,2.23,0.9199999999999999,2.23,0,4.05,0,0,1.48,4.85,奥斯陆KFUM,2026-05-25,2039955,,14.0,10.0,15.0,30.0,9.0,6.25,8.75,19.0,12.0,7.25,11.5,24.0,23.0,16.0,21.0,45.0,,,,1.22,1.62,2.4,中,大球,"0,1",,,,,,,,,"3,4,5",0.95,1.57,0,"['首选0球(变0%,n=0)', '⚠️方向冲突: Step0=大球但推荐0球(反方向)→谨慎', '双选0球+1球']",0,挪威超级联赛,联赛,其他联赛,欧洲,北欧联赛,挪威超级联赛
2.4,2:1,3,莫尔德,0,0,0,0,1,4.8,2,-1.5,1,-5.6,0,0,0,0,2,10.0,0,0,4,10.2,4,-8.5,0,0,2.5999999999999996,5.199999999999999,21.0,7.0,4.4,3.35,4.25,6.6,11.0,16.5,2.8,3.6,2.15,3.6,2.15,1.4500000000000002,2.59,0,4.55,0,0,1.38,5.4,萨尔普斯堡,2026-05-25,2039956,,21.0,12.0,14.5,25.0,12.5,7.5,8.0,14.5,15.5,8.25,10.0,18.0,26.0,15.0,18.5,32.0,,,,1.37,0.75,2.6,强(防守一致),大球,"1,2",,,,,,,,,"3,4,5",1.07,2.17,0,"['首选1球(变0%,n=0)', '⚠️方向冲突: Step0=大球但推荐1球(反方向)→谨慎', '双选1球+2球']",1,挪威超级联赛,联赛,其他联赛,欧洲,北欧联赛,挪威超级联赛
3.2,1:1,2,米亚尔比,0,0,2,5.7,2,-8.8,1,-4.2,2,8.8,1,4.8,3,21.1,1,3.2,4,1.6,5,-0.4,4,-0.9,1,-5.0,3.4000000000000004,6.800000000000001,10.5,4.65,3.1,3.4,6.2,11.0,23.0,32.0,3.6,3.15,2.3,3.15,2.3,0.8500000000000001,2.65,1.0,3.95,0,1,5.35,1.45,IFK哥德堡,2026-05-26,2039957,,10.5,8.0,12.0,24.0,8.5,6.0,7.5,18.0,13.0,8.0,12.5,26.0,30.0,20.0,28.0,60.0,,,,1.65,1.12,3.4,强(防守强化),大球,"0,1",,,,,,,,,"3,4,6",1.32,2.4,0,"['首选0球(变0%,n=0)', '⚠️方向冲突: Step0=大球但推荐0球(反方向)→谨慎', '双选0球+1球']",0,瑞典超级联赛,联赛,其他联赛,欧洲,北欧联赛,瑞典超级联赛
3.6,1:1,2,赫根,1,8.0,4,19.6,4,5.8,4,-10.0,5,-12.4,0,0,1,5.9,0,0,4,-9.9,5,12.2,3,-1.3,4,-14.3,2.9000000000000004,5.800000000000001,13.5,5.8,3.65,3.15,4.6,9.5,18.0,26.0,2.2,2.9,2.25,2.95,2.25,0.7000000000000002,2.95,1.0,3.95,0,1,5.0,1.48,埃尔夫斯堡,2026-05-26,2039958,,13.5,8.3,12.0,24.0,9.25,6.2,7.5,17.0,13.5,8.0,10.5,24.0,29.0,19.0,26.0,45.0,,,,1.87,1.34,2.9,弱(矛盾留空),小球,"0,2",,,,,,,,,"0,2,3",1.19,0.93,0,"['首选0球(变0%,n=1)', '双选0球+2球']",0,瑞典超级联赛,联赛,其他联赛,欧洲,北欧联赛,瑞典超级联赛
3.0,1:1,2,腓特烈斯塔,0,0,0,0,2,-12.8,2,-2.9,2,6.4,2,13.3,2,19.2,1,11.1,2,-2.7,3,4.0,3,-5.1,1,-3.2,2.6,5.2,17.0,6.0,3.4,3.3,5.0,8.5,15.5,20.0,2.2,3.55,3.32,3.55,1.83,1.7199999999999998,1.83,0,3.4,0,0,1.73,3.9,桑纳菲尤尔,2026-05-26,2039959,,17.0,13.0,22.0,50.0,8.5,6.7,10.0,28.0,9.5,7.0,11.5,28.0,15.0,12.5,18.0,45.0,,,,1.18,1.89,2.6,中(防守矛盾⚠️),大球,"0,1",,,,,,,,,"3,4,5",1.12,1.35,0,"['首选0球(变0%,n=0)', '⚠️方向冲突: Step0=大球但推荐0球(反方向)→谨慎', '双选0球+1球']",0,挪威超级联赛,联赛,其他联赛,欧洲,北欧联赛,挪威超级联赛
2.0,2:2,4,埃尔夫斯堡,0,0,2,5.0,0,0,5,-14.3,1,1.9,3,11.1,4,25.0,4,36.0,2,4.3,2,2.3,2,-2.9,3,-12.7,2.5,5.0,13.0,5.25,3.5,3.0,5.3,10.0,20.0,34.0,3.0,3.65,1.66,3.95,1.66,2.29,3.95,1.0,3.38,0,1,3.2,1.92,厄尔格里特,2026-05-30,2040017,,13.0,7.75,8.0,14.0,13.0,6.5,6.5,11.0,22.0,10.5,13.0,21.0,60.0,30.0,40.0,60.0,,,,1.15,0.85,2.5,强(防守一致),大球,"0,2",,,,,,,,,"4,5,6",0.6,2.42,0,"['首选0球(变0%,n=0)', '⚠️方向冲突: Step0=大球但推荐0球(反方向)→谨慎', '双选0球+2球']",0,瑞典超级联赛,联赛,其他联赛,欧洲,北欧联赛,瑞典超级联赛
3.2,0:0,0,特罗姆瑟,1,-16.7,1,-4.2,4,-16.9,2,-4.3,4,23.8,4,36.8,4,52.9,4,48.1,2,-4.7,3,11.5,3,-5.6,0,0,2.8,5.6,10.0,4.6,2.95,3.3,6.5,13.0,26.0,40.0,2.4,3.05,2.19,3.05,2.19,0.8599999999999999,2.9,1.0,3.8,0,1,5.0,1.5,奥斯陆KFUM,2026-05-30,2040018,,10.0,8.0,11.0,23.0,8.5,5.75,7.5,19.0,13.0,9.0,12.0,24.0,30.0,24.0,30.0,55.0,,,,0.83,2.25,2.8,0球区间铁律,小球,"0,1",,,,,,,,,"0,1,2",1.26,1.16,0,"['首选0球(变0%,n=1)', '双选0球+1球']",0,挪威超级联赛,联赛,其他联赛,欧洲,北欧联赛,挪威超级联赛
4.6,2:1,3,斯达,0,0,2,8.5,2,8.1,5,-5.9,4,-13.0,4,0,5,13.3,4,13.6,1,1.4,1,-1.9,1,3.6,2,8.3,3.8,7.6,14.0,5.75,4.0,3.2,4.35,8.5,17.0,25.0,3.0,3.75,4.35,4.35,1.58,2.7699999999999996,1.58,0,3.25,0,0,2.04,3.02,腓特烈斯塔,2026-05-30,2040019,,14.0,13.0,24.0,60.0,7.5,7.0,12.0,35.0,8.0,6.5,13.0,35.0,13.0,11.5,20.0,55.0,,,,1.56,2.86,3.8,中(防守矛盾⚠️),大球,"0,2",,,,,,,,,"4,5,7",1.24,1.62,0,"['首选0球(变0%,n=0)', '⚠️方向冲突: Step0=大球但推荐0球(反方向)→谨慎', '双选0球+2球']",0,挪威超级联赛,联赛,其他联赛,欧洲,北欧联赛,挪威超级联赛
2.2,2:2,4,汉坎,0,0,1,8.7,1,-2.6,2,-5.8,0,0,2,4.7,1,7.1,0,0,4,-9.9,4,4.8,3,1.9,2,-14.2,2.4000000000000004,4.800000000000001,15.0,6.25,3.7,3.25,4.85,7.85,15.0,20.0,2.6,3.2,3.26,3.26,1.96,1.2999999999999998,1.96,0,3.66,0,0,1.65,4.0,奥勒松,2026-05-30,2040020,,15.0,12.0,20.0,45.0,8.5,6.5,10.0,22.0,10.0,7.0,11.5,26.0,17.0,13.0,19.0,45.0,,,,1.42,0.75,2.4,强(防守一致),大球,"0,2",,,,,,,,,"3,4,5",1.47,1.19,0,"['首选0球(变0%,n=0)', '⚠️方向冲突: Step0=大球但推荐0球(反方向)→谨慎', '双选0球+2球']",0,挪威超级联赛,联赛,其他联赛,欧洲,北欧联赛,挪威超级联赛
2.2,3:1,4,克里斯蒂安松,0,0,1,4.2,0,0,2,-1.4,2,-9.1,1,1.5,2,14.3,1,11.5,2,-7.8,2,7.9,2,-15.9,0,0,2.9000000000000004,5.800000000000001,23.0,7.5,4.3,3.45,4.0,6.6,12.0,14.5,3.6,4.15,4.5,4.5,1.5,3.0,1.5,0,3.3,0,0,2.2,2.69,瓦勒伦加,2026-05-30,2040021,,23.0,18.0,30.0,70.0,9.75,9.0,13.5,40.0,8.5,6.75,12.0,33.0,11.5,10.0,17.0,40.0,,,,0.9,1.45,2.9,强(防守一致),大球,"2,3",,,,,,,,,"3,4,5",1.14,2.18,0,"['首选2球(变0%,n=0)', '⚠️方向冲突: Step0=大球但推荐2球(反方向)→谨慎', '双选2球+3球']",2,挪威超级联赛,联赛,其他联赛,欧洲,北欧联赛,挪威超级联赛
3.8,2:2,4,博德闪耀,0,0,0,0,1,2.2,2,-5.6,2,-8.1,1,8.3,2,15.0,2,12.5,3,3.5,3,6.8,3,-3.3,2,10.3,3.3,6.6,25.0,7.8,4.6,3.35,3.95,6.5,11.5,13.5,2.8,4.4,1.45,4.7,1.45,3.25,4.7,1.0,3.62,0,1,2.39,2.3,罗森博格,2026-05-30,2040022,,25.0,10.5,9.75,13.0,19.0,8.5,7.0,9.0,31.0,14.0,11.5,14.0,75.0,32.0,28.0,35.0,,,,3.1,0.96,3.3,强(防守一致),大球,"1,2",,,,,,,,,"3,4,5",0.98,1.89,0,"['首选1球(变0%,n=0)', '⚠️方向冲突: Step0=大球但推荐1球(反方向)→谨慎', '双选1球+2球']",1,挪威超级联赛,联赛,其他联赛,欧洲,北欧联赛,挪威超级联赛
3.2,1:2,3,萨尔普斯堡,0,0,1,4.4,1,2.2,2,-7.1,2,-9.1,1,5.0,2,15.8,2,17.4,1,-2.4,1,2.0,1,-3.3,1,-2.7,3.4000000000000004,6.800000000000001,26.0,8.25,4.7,3.25,4.0,6.3,11.0,13.5,3.6,4.15,4.35,4.35,1.52,2.8299999999999996,1.52,0,3.3,0,0,2.15,2.77,布兰,2026-05-30,2040023,,26.0,20.0,30.0,70.0,10.5,8.5,13.0,30.0,9.75,7.0,11.5,26.0,13.0,9.5,14.0,35.0,,,,1.45,1.93,3.4,中,大球,"2,3",,,,,,,,,"3,4,5",1.59,1.99,0,"['首选2球(变0%,n=1)', '⚠️方向冲突: Step0=大球但推荐2球(反方向)→谨慎', '双选2球+3球']",2,挪威超级联赛,联赛,其他联赛,欧洲,北欧联赛,挪威超级联赛
2.2,1:0,1,玛丽港,0,0,1,3.3,1,1.1,1,2.8,0,0,1,-2.3,1,-2.5,1,-8.3,1,3.1,1,-0.9,1,4.3,0,0,3.5,7.0,27.0,7.75,4.5,3.65,4.2,6.25,9.75,11.0,4.8,6.55,12.0,12.0,1.12,10.879999999999999,1.12,0,3.78,0,0,2.3,2.33,赫尔辛基,2026-05-30,2040043,,27.0,31.0,70.0,250.0,8.25,12.5,31.0,80.0,6.75,8.0,21.0,65.0,7.5,8.5,22.0,80.0,,,,0.77,1.32,3.5,强,大球,"2,3",,,,,,,,,"3,4,5",4.5,1.28,0,"['首选2球(变0%,n=1)', '⚠️方向冲突: Step0=大球但推荐2球(反方向)→谨慎', '双选2球+3球']",2,芬兰超级联赛,联赛,其他联赛,欧洲,北欧联赛,芬兰超级联赛
2.8,3:0,3,卡尔马,1,-9.1,2,11.1,2,-1.5,1,-2.8,1,1.8,2,0,2,-5.3,2,0,6,-10.7,6,15.3,6,-15.0,2,-7.7,2.5999999999999996,5.199999999999999,10.0,5.0,3.35,3.45,5.7,10.0,18.0,29.0,2.4,3.08,3.4,3.4,1.96,1.44,1.96,0,3.45,0,0,1.63,4.45,哥德堡盖斯,2026-05-30,2040044,,10.0,10.5,20.0,55.0,7.0,6.25,10.5,30.0,8.75,7.0,13.0,35.0,16.0,13.0,25.0,60.0,,,,1.52,1.11,2.6,0球区间铁律,小球,"0,1",,,,,,,,,"0,1,2",1.6,0.79,0,"['首选0球(变0%,n=1)', '双选0球+1球']",0,瑞典超级联赛,联赛,其他联赛,欧洲,北欧联赛,瑞典超级联赛
2.4,5:2,7,哈尔姆斯塔德,2,0,2,9.6,2,9.6,1,-2.9,2,-8.0,3,-5.9,1,-6.7,1,-4.8,0,0,1,-1.5,1,6.9,1,3.8,3.3,6.6,15.0,5.7,4.0,3.35,4.6,8.0,14.0,20.0,4.2,4.25,6.5,6.5,1.35,5.15,1.35,0,3.4,0,0,2.64,2.19,马尔默,2026-05-30,2040045,,15.0,16.0,33.0,100.0,6.75,7.5,16.0,60.0,6.75,6.5,16.0,50.0,9.5,10.5,22.0,75.0,,,,0.99,1.32,3.3,强(防守一致),大球,"0,2",,,,,,,,,"3,4,5",1.64,2.87,0,"['首选0球(变0%,n=2)', '⚠️方向冲突: Step0=大球但推荐0球(反方向)→谨慎', '双选0球+2球']",0,瑞典超级联赛,联赛,其他联赛,欧洲,北欧联赛,瑞典超级联赛
3.8,0:3,3,天狼星,2,0,1,8.3,2,3.9,1,4.3,2,-7.6,2,-6.7,1,-7.7,0,0,1,2.0,1,3.1,1,-2.7,1,3.4,3.3,6.6,17.0,6.5,4.0,3.65,4.25,7.0,12.0,18.0,2.8,3.65,1.81,3.65,1.81,1.8399999999999999,3.3,1.0,3.55,0,1,3.62,1.75,AIK索尔纳,2026-05-30,2040046,,17.0,9.5,11.0,17.0,11.5,7.0,7.0,12.5,18.0,9.25,11.0,18.0,50.0,24.0,24.0,45.0,,,,2.39,1.32,3.3,强,大球,"0,1",,,,,,,,,"3,4,5",1.37,1.57,0,"['首选0球(变0%,n=2)', '⚠️方向冲突: Step0=大球但推荐0球(反方向)→谨慎', '双选0球+1球']",0,瑞典超级联赛,联赛,其他联赛,欧洲,北欧联赛,瑞典超级联赛
2.6,2:1,3,桑纳菲尤尔,0,0,2,13.1,2,4.9,2,-7.4,1,-2.2,0,0,0,0,0,0,2,1.2,2,-0.7,2,1.1,0,0,2.6,5.2,20.0,7.35,4.3,3.15,4.4,6.9,12.0,16.0,2.6,4.2,4.75,4.75,1.47,3.2800000000000002,1.47,0,3.3,0,0,2.28,2.58,莫尔德,2026-05-30,2040047,,20.0,16.0,28.0,75.0,8.5,8.0,13.0,35.0,8.5,6.5,12.5,30.0,12.0,10.0,16.0,45.0,,,,1.19,1.38,2.6,弱(高球不动降权),大球,"1,2",,,,,,,,,"1,2,3",1.3,1.1,0,"['首选1球(变0%,n=2)', '⚠️方向冲突: Step0=大球但推荐1球(反方向)→谨慎', '双选1球+2球']",1,挪威超级联赛,联赛,其他联赛,欧洲,北欧联赛,挪威超级联赛
2.6,3:2,5,塞伊奈约基,0,0,1,5.5,0,0,1,-3.0,0,0,0,0,0,0,0,0,3,-4.6,5,2.8,4,0.9,2,-4.1,2.6,5.2,14.0,5.8,3.55,3.25,4.9,8.25,17.0,27.0,2.6,3.1,2.37,3.1,2.37,0.73,2.6,1.0,4.2,0,1,5.2,1.43,赫尔辛基火花,2026-05-30,2040048,,14.0,9.75,12.5,25.0,10.0,6.5,7.5,18.0,13.0,8.0,12.0,21.0,28.0,19.0,23.0,45.0,,,,2.13,0.81,2.6,弱(高球不动降权),大球,"0,2",,,,,,,,,"0,2,3",1.81,0.91,0,"['首选0球(变0%,n=0)', '⚠️方向冲突: Step0=大球但推荐0球(反方向)→谨慎', '双选0球+2球']",0,芬兰超级联赛,联赛,其他联赛,欧洲,北欧联赛,芬兰超级联赛
4.4,1:1,2,国际图尔库,0,0,1,4.3,3,-10.8,2,-4.3,2,10.2,2,15.0,2,14.3,3,25.0,5,-10.6,3,1.3,4,9.6,4,-16.4,3.3000000000000003,6.6000000000000005,12.0,4.9,2.9,3.3,5.95,11.5,24.0,45.0,2.2,2.77,2.96,2.96,2.32,0.6400000000000001,2.32,0,3.95,0,0,1.46,5.25,库奥皮奥,2026-05-30,2040049,,12.0,9.25,14.0,35.0,8.0,5.25,8.75,24.0,11.5,7.5,12.0,29.0,23.0,17.0,23.0,55.0,,,,3.07,0.88,3.3,修正(否决),大球,"0,2",,,,,,,,,"3,4,7",1.74,0.39,0,"['首选0球(变0%,n=0)', '⚠️方向冲突: Step0=大球但推荐0球(反方向)→谨慎', '双选0球+2球']",0,芬兰超级联赛,联赛,其他联赛,欧洲,北欧联赛,芬兰超级联赛
3.0,5:0,5,坦佩雷山猫,0,0,0,0,1,3.1,1,-2.9,0,0,0,0,0,0,0,0,5,-11.7,3,1.7,6,9.9,4,-17.9,2.7,5.4,12.0,4.75,3.35,3.35,5.35,10.0,21.0,35.0,2.4,2.78,2.77,2.78,2.45,0.3299999999999996,2.45,0,4.15,0,0,1.4,5.75,拉赫蒂,2026-05-30,2040050,,12.0,8.75,14.0,30.0,8.5,6.0,8.5,21.0,12.5,7.75,11.5,24.0,26.0,18.0,22.0,50.0,,,,1.76,0.88,2.7,修正(否决),大球,"0,2",,,,,,,,,"3,4,5",1.3,0.94,0,"['首选0球(变0%,n=0)', '⚠️方向冲突: Step0=大球但推荐0球(反方向)→谨慎', '双选0球+2球']",0,芬兰超级联赛,联赛,其他联赛,欧洲,北欧联赛,芬兰超级联赛
3.6,1:0,1,瓦萨,0,0,1,5.4,1,-3.1,1,-1.4,0,0,1,5.0,0,0,0,0,2,-4.5,3,6.4,2,-1.4,2,-4.5,2.7,5.4,12.0,4.9,3.1,3.4,5.5,10.5,22.0,38.0,1.8,2.96,2.18,3.0,2.18,0.8199999999999998,3.0,1.0,3.8,0,1,4.9,1.51,TPS图尔库,2026-05-30,2040051,,12.0,8.0,10.5,22.0,9.5,6.25,7.5,16.5,14.5,8.75,12.0,24.0,33.0,21.0,27.0,50.0,,,,3.04,0.55,2.7,强(防守强化),大球,"0,1",,,,,,,,,"3,4,5",0.82,0.96,0,"['首选0球(变0%,n=0)', '⚠️方向冲突: Step0=大球但推荐0球(反方向)→谨慎', '双选0球+1球']",0,芬兰超级联赛,联赛,其他联赛,欧洲,北欧联赛,芬兰超级联赛
3.6,4:5,9,IFK哥德堡,0,0,3,11.7,1,3.0,2,-5.7,2,-1.8,1,-5.0,2,-5.6,2,-7.1,5,-9.4,7,15.2,4,-6.1,1,-2.0,3.2,6.4,12.0,5.25,3.45,3.3,5.4,9.5,17.0,26.0,2.8,2.9,2.46,2.9,2.46,0.43999999999999995,2.65,0,4.45,0,0,1.34,6.3,韦斯特罗斯,2026-05-31,2040057,,12.0,8.5,12.5,26.0,8.75,6.0,7.5,18.0,13.0,7.8,11.5,25.0,27.0,19.0,27.0,48.0,,,,1.26,2.12,3.2,修正(否决),大球,"0,2",,,,,,,,,"3,4,5",1.37,1.6,0,"['首选0球(变0%,n=0)', '⚠️方向冲突: Step0=大球但推荐0球(反方向)→谨慎', '双选0球+2球']",0,瑞典超级联赛,联赛,其他联赛,欧洲,北欧联赛,瑞典超级联赛
2.8,3:2,5,哈马比,0,0,2,9.6,2,6.2,2,-1.4,1,-5.6,0,0,1,-8.3,1,-6.2,4,-9.6,3,-8.3,4,12.6,4,0,2.8,5.6,19.0,6.85,4.25,3.45,4.25,7.25,11.0,15.0,2.8,3.3,2.15,3.3,2.15,1.15,2.77,1.0,4.1,0,1,4.4,1.52,赫根,2026-05-31,2040058,,19.0,11.0,13.0,20.0,12.5,7.25,7.3,13.5,18.0,8.25,10.0,17.0,35.0,20.0,21.0,35.0,,,,1.33,1.57,2.8,中(防守矛盾⚠️),大球,"1,2",,,,,,,,,"3,4,5",1.5,1.07,0,"['首选1球(变0%,n=2)', '⚠️方向冲突: Step0=大球但推荐1球(反方向)→谨慎', '双选1球+2球']",1,瑞典超级联赛,联赛,其他联赛,欧洲,北欧联赛,瑞典超级联赛
2.6,2:2,4,布鲁马波卡纳,0,0,2,14.3,2,-1.5,3,-4.1,0,0,1,-8.7,2,-9.5,2,0,0,0,2,0,2,0,1,-2.1,2.7,5.4,10.5,4.8,3.2,3.5,5.85,10.5,19.0,30.0,2.8,3.15,3.08,3.15,2.05,1.1,2.05,0,3.65,0,0,1.57,4.6,代格福什,2026-05-31,2040059,,10.5,8.5,15.0,40.0,7.0,6.0,9.0,27.0,9.5,7.0,13.0,35.0,18.0,16.0,27.0,75.0,,,,1.41,1.07,2.7,强(防守强化),大球,"0,1",,,,,,,,,"3,4,5",1.0,1.87,0,"['首选0球(变0%,n=0)', '⚠️方向冲突: Step0=大球但推荐0球(反方向)→谨慎', '双选0球+1球']",0,瑞典超级联赛,联赛,其他联赛,欧洲,北欧联赛,瑞典超级联赛
4.2,2:1,3,雅罗,0,0,2,7.8,2,4.3,2,4.4,1,-2.0,2,-10.0,2,-16.7,2,-24.1,5,5.4,5,-5.7,5,11.5,0,0,2.9000000000000004,5.800000000000001,13.0,5.5,3.6,3.55,5.0,8.1,15.0,22.0,1.6,3.9,4.85,4.85,1.5,3.3499999999999996,1.5,0,3.13,0,0,2.19,2.83,AC奥卢,2026-05-31,2040061,,13.0,14.0,28.0,70.0,6.75,7.75,15.5,40.0,7.5,6.5,13.0,40.0,12.5,10.5,21.0,55.0,,,,1.35,2.67,2.9,0球区间铁律,大球,"0,2",,,,,,,,,"3,4,5",0.96,0.43,0,"['首选0球(变0%,n=0)', '⚠️方向冲突: Step0=大球但推荐0球(反方向)→谨慎', '双选0球+2球']",0,芬兰超级联赛,联赛,其他联赛,欧洲,北欧联赛,芬兰超级联赛
